-- phpMyAdmin SQL Dump
-- version 4.4.0
-- http://www.phpmyadmin.net
--
-- Host: localhost
-- Generation Time: Apr 14, 2015 at 05:47 PM
-- Server version: 5.6.19-0ubuntu0.14.04.1
-- PHP Version: 5.5.9-1ubuntu4.7

SET SQL_MODE = "NO_AUTO_VALUE_ON_ZERO";
SET time_zone = "+00:00";


/*!40101 SET @OLD_CHARACTER_SET_CLIENT=@@CHARACTER_SET_CLIENT */;
/*!40101 SET @OLD_CHARACTER_SET_RESULTS=@@CHARACTER_SET_RESULTS */;
/*!40101 SET @OLD_COLLATION_CONNECTION=@@COLLATION_CONNECTION */;
/*!40101 SET NAMES utf8 */;

--
-- Database: `s_penjualan`
--

-- --------------------------------------------------------

--
-- Table structure for table `barang`
--

CREATE TABLE IF NOT EXISTS `barang` (
  `kode_barang` varchar(8) NOT NULL,
  `nama_barang` varchar(50) DEFAULT NULL,
  `harga` int(10) DEFAULT NULL,
  `stok` int(5) DEFAULT NULL,
  `diskon` float NOT NULL,
  `id_tipe_barang` int(4) DEFAULT NULL
) ENGINE=InnoDB DEFAULT CHARSET=latin1;

--
-- Dumping data for table `barang`
--

INSERT INTO `barang` (`kode_barang`, `nama_barang`, `harga`, `stok`, `diskon`, `id_tipe_barang`) VALUES
('CBD', 'CEBADIAR', 95000, 62, 0, 10),
('DWT', 'DAILY WITS', 240000, 324, 0, 11),
('HSP BX', 'HON SHIP PAO', 60000, 36, 0, 10),
('keji bel', 'KEJI BELING', 48000, -174, 0, 10),
('NSB 14GR', 'NOSIB 14GR', 61275, -3600, 0, 11),
('NSB 9GR', 'NOSIB SALP 9 GR', 40813, -1200, 0, 11),
('PAP KLG', 'NEW PAPAI', 150000, 63, 0, 12),
('PAREM 30', 'PAREM BISON 30cc', 105316, -100, 0, 11),
('PENAFIT', 'PENAFIT', 118000, 180, 0, 10),
('SALF B', 'SEAN SALF 14GR', 37500, 400, 0, 11),
('SMH', 'SUPER MAGIC MAN (HIT', 1825000, 3564, 0, 13),
('smt', 'SEMUT', 46000, 0, 0, 10),
('YT', 'YEEE TIN ', 72000, 200, 0, 11);

-- --------------------------------------------------------

--
-- Table structure for table `history_harga`
--

CREATE TABLE IF NOT EXISTS `history_harga` (
  `no` int(5) NOT NULL,
  `id_pelanggan` int(5) DEFAULT NULL,
  `kode_barang` varchar(10) NOT NULL,
  `barang` text NOT NULL,
  `harga_barang` int(20) NOT NULL,
  `tanggal` datetime NOT NULL
) ENGINE=MyISAM AUTO_INCREMENT=1007 DEFAULT CHARSET=latin1;

--
-- Dumping data for table `history_harga`
--

INSERT INTO `history_harga` (`no`, `id_pelanggan`, `kode_barang`, `barang`, `harga_barang`, `tanggal`) VALUES
(4, 1, '01AI', 'COMPRESSOR HITACHI', 2850000, '2015-02-24 04:39:48'),
(5, 1, '02AI', 'COMPRESSOR HITACHI 2', 2755000, '2015-02-24 04:39:48'),
(6, 1, '03AI', 'COMPRESSOR HITACHI 1', 3162000, '2015-02-24 04:45:04'),
(7, 1, 'hk48', 'COMPRESOOR 1', 0, '2015-02-24 04:45:04'),
(8, 1, '01AI', 'COMPRESSOR HITACHI', 2790000, '2015-02-24 06:55:33'),
(9, 1, '01AI', 'COMPRESSOR HITACHI', 2820000, '2015-02-24 11:26:21'),
(10, 1, '01AI', 'COMPRESSOR HITACHI', 2760000, '2015-02-24 11:26:35'),
(11, 1, '01AI', 'COMPRESSOR HITACHI', 2910000, '2015-02-24 11:26:49'),
(12, 1, '01AI', 'COMPRESSOR HITACHI', 2730000, '2015-02-24 11:27:04'),
(13, 3, '03AI', 'COMPRESSOR HITACHI 1', 2890000, '2015-02-24 11:32:19'),
(14, 1, '01AI', 'COMPRESSOR HITACHI', 2730000, '2015-02-24 12:21:29'),
(15, 1, '02AI', 'COMPRESSOR HITACHI 2', 5510000, '2015-02-24 12:21:34'),
(16, 1, '01AI', 'COMPRESSOR HITACHI', 2730000, '2015-02-24 12:21:37'),
(17, 1, '03AI', 'COMPRESSOR HITACHI 1', 2890000, '2015-02-24 12:21:42'),
(18, 1, 'hk48', 'COMPRESOOR 1', 0, '2015-02-24 12:21:42'),
(19, 1, '01AI', 'COMPRESSOR HITACHI', 2730000, '2015-02-24 12:31:39'),
(20, 1, '01AI', 'COMPRESSOR HITACHI', 3000000, '2015-02-24 13:04:59'),
(21, 1, '02AI', 'COMPRESSOR HITACHI 2', 2900000, '2015-02-24 13:04:59'),
(22, 1, '03AI', 'COMPRESSOR HITACHI 1', 3400000, '2015-02-24 13:04:59'),
(23, 1, 'hk48', 'COMPRESOOR 1', 0, '2015-02-24 13:04:59'),
(24, 1, '01AI', 'COMPRESSOR HITACHI', 3000000, '2015-02-24 13:27:29'),
(25, 1, '02AI', 'COMPRESSOR HITACHI 2', 2900000, '2015-02-24 13:27:29'),
(26, 1, '01AI', 'COMPRESSOR HITACHI', 3000000, '2015-02-25 08:37:42'),
(27, 1, '02AI', 'COMPRESSOR HITACHI 2', 2900000, '2015-02-25 08:37:42'),
(28, 1, '03AI', 'COMPRESSOR HITACHI 1', 3400000, '2015-02-25 08:37:42'),
(29, 1, 'hk48', 'COMPRESOOR 1', 0, '2015-02-25 08:37:42'),
(30, 1, '01AI', 'COMPRESSOR HITACHI', 3000000, '2015-02-25 08:39:36'),
(31, 1, '02AI', 'COMPRESSOR HITACHI 2', 2900000, '2015-02-25 08:39:36'),
(32, 1, '03AI', 'COMPRESSOR HITACHI 1', 3400000, '2015-02-25 08:39:36'),
(33, 1, 'hk48', 'COMPRESOOR 1', 0, '2015-02-25 08:39:36'),
(34, 1, '01AI', 'COMPRESSOR HITACHI', 3000000, '2015-02-25 08:50:59'),
(35, 1, '02AI', 'COMPRESSOR HITACHI 2', 2900000, '2015-02-25 08:50:59'),
(36, 1, '03AI', 'COMPRESSOR HITACHI 1', 3400000, '2015-02-25 08:50:59'),
(37, 1, 'hk48', 'COMPRESOOR 1', 0, '2015-02-25 08:50:59'),
(38, 1, '01AI', 'COMPRESSOR HITACHI', 3000000, '2015-02-25 08:56:07'),
(39, 1, '02AI', 'COMPRESSOR HITACHI 2', 2900000, '2015-02-25 08:56:07'),
(40, 1, '03AI', 'COMPRESSOR HITACHI 1', 3400000, '2015-02-25 08:56:07'),
(41, 1, 'hk48', 'COMPRESOOR 1', 0, '2015-02-25 08:56:07'),
(42, 1, '01AI', 'COMPRESSOR HITACHI', 3000000, '2015-02-25 08:56:15'),
(43, 1, '02AI', 'COMPRESSOR HITACHI 2', 2900000, '2015-02-25 08:56:15'),
(44, 1, '03AI', 'COMPRESSOR HITACHI 1', 3400000, '2015-02-25 08:56:15'),
(45, 1, 'hk48', 'COMPRESOOR 1', 0, '2015-02-25 08:56:15'),
(46, 1, '01AI', 'COMPRESSOR HITACHI', 3000000, '2015-02-25 08:56:37'),
(47, 1, '02AI', 'COMPRESSOR HITACHI 2', 2900000, '2015-02-25 08:56:37'),
(48, 1, '03AI', 'COMPRESSOR HITACHI 1', 3400000, '2015-02-25 08:56:37'),
(49, 1, 'hk48', 'COMPRESOOR 1', 0, '2015-02-25 08:56:37'),
(50, 1, '01AI', 'COMPRESSOR HITACHI', 3000000, '2015-02-25 08:56:44'),
(51, 1, '02AI', 'COMPRESSOR HITACHI 2', 2900000, '2015-02-25 08:56:44'),
(52, 1, '03AI', 'COMPRESSOR HITACHI 1', 3400000, '2015-02-25 08:56:44'),
(53, 1, 'hk48', 'COMPRESOOR 1', 0, '2015-02-25 08:56:44'),
(54, 1, '01AI', 'COMPRESSOR HITACHI', 3000000, '2015-02-25 08:56:52'),
(55, 1, '02AI', 'COMPRESSOR HITACHI 2', 2900000, '2015-02-25 08:56:52'),
(56, 1, '03AI', 'COMPRESSOR HITACHI 1', 3400000, '2015-02-25 08:56:52'),
(57, 1, 'hk48', 'COMPRESOOR 1', 0, '2015-02-25 08:56:52'),
(58, 1, '01AI', 'COMPRESSOR HITACHI', 3000000, '2015-02-25 08:57:03'),
(59, 1, '02AI', 'COMPRESSOR HITACHI 2', 2900000, '2015-02-25 08:57:03'),
(60, 1, '03AI', 'COMPRESSOR HITACHI 1', 3400000, '2015-02-25 08:57:03'),
(61, 1, 'hk48', 'COMPRESOOR 1', 0, '2015-02-25 08:57:03'),
(62, 1, '01AI', 'COMPRESSOR HITACHI', 3000000, '2015-02-25 08:58:02'),
(63, 1, '02AI', 'COMPRESSOR HITACHI 2', 2900000, '2015-02-25 08:58:02'),
(64, 1, '03AI', 'COMPRESSOR HITACHI 1', 3400000, '2015-02-25 08:58:02'),
(65, 1, 'hk48', 'COMPRESOOR 1', 0, '2015-02-25 08:58:02'),
(66, 1, '01AI', 'COMPRESSOR HITACHI', 3000000, '2015-02-25 08:58:10'),
(67, 1, '02AI', 'COMPRESSOR HITACHI 2', 2900000, '2015-02-25 08:58:10'),
(68, 1, '03AI', 'COMPRESSOR HITACHI 1', 3400000, '2015-02-25 08:58:10'),
(69, 1, 'hk48', 'COMPRESOOR 1', 0, '2015-02-25 08:58:10'),
(70, 1, '01AI', 'COMPRESSOR HITACHI', 3000000, '2015-02-25 09:01:09'),
(71, 1, '02AI', 'COMPRESSOR HITACHI 2', 2900000, '2015-02-25 09:01:09'),
(72, 1, '03AI', 'COMPRESSOR HITACHI 1', 3400000, '2015-02-25 09:01:09'),
(73, 1, 'hk48', 'COMPRESOOR 1', 0, '2015-02-25 09:01:09'),
(74, 1, '01AI', 'COMPRESSOR HITACHI', 3000000, '2015-02-25 09:03:40'),
(75, 1, '02AI', 'COMPRESSOR HITACHI 2', 2900000, '2015-02-25 09:03:40'),
(76, 1, '03AI', 'COMPRESSOR HITACHI 1', 3400000, '2015-02-25 09:03:40'),
(77, 1, 'hk48', 'COMPRESOOR 1', 0, '2015-02-25 09:03:40'),
(78, 1, '01AI', 'COMPRESSOR HITACHI', 3000000, '2015-02-25 09:04:26'),
(79, 1, '02AI', 'COMPRESSOR HITACHI 2', 2900000, '2015-02-25 09:04:26'),
(80, 1, '03AI', 'COMPRESSOR HITACHI 1', 3400000, '2015-02-25 09:04:26'),
(81, 1, 'hk48', 'COMPRESOOR 1', 0, '2015-02-25 09:04:26'),
(82, 1, '01AI', 'COMPRESSOR HITACHI', 3000000, '2015-02-25 09:05:23'),
(83, 1, '02AI', 'COMPRESSOR HITACHI 2', 2900000, '2015-02-25 09:05:23'),
(84, 1, '03AI', 'COMPRESSOR HITACHI 1', 3400000, '2015-02-25 09:05:23'),
(85, 1, 'hk48', 'COMPRESOOR 1', 0, '2015-02-25 09:05:23'),
(86, 1, '01AI', 'COMPRESSOR HITACHI', 3000000, '2015-02-25 09:05:27'),
(87, 1, '02AI', 'COMPRESSOR HITACHI 2', 2900000, '2015-02-25 09:05:27'),
(88, 1, '03AI', 'COMPRESSOR HITACHI 1', 3400000, '2015-02-25 09:05:27'),
(89, 1, 'hk48', 'COMPRESOOR 1', 0, '2015-02-25 09:05:27'),
(90, 1, '01AI', 'COMPRESSOR HITACHI', 3000000, '2015-02-25 09:07:45'),
(91, 1, '02AI', 'COMPRESSOR HITACHI 2', 2900000, '2015-02-25 09:07:45'),
(92, 1, '03AI', 'COMPRESSOR HITACHI 1', 3400000, '2015-02-25 09:07:45'),
(93, 1, 'hk48', 'COMPRESOOR 1', 0, '2015-02-25 09:07:45'),
(94, 1, '01AI', 'COMPRESSOR HITACHI', 3000000, '2015-02-25 09:08:01'),
(95, 1, '02AI', 'COMPRESSOR HITACHI 2', 2900000, '2015-02-25 09:08:01'),
(96, 1, '03AI', 'COMPRESSOR HITACHI 1', 3400000, '2015-02-25 09:08:01'),
(97, 1, 'hk48', 'COMPRESOOR 1', 0, '2015-02-25 09:08:01'),
(98, 1, '01AI', 'COMPRESSOR HITACHI', 3000000, '2015-02-25 09:08:11'),
(99, 1, '02AI', 'COMPRESSOR HITACHI 2', 2900000, '2015-02-25 09:08:11'),
(100, 1, '03AI', 'COMPRESSOR HITACHI 1', 3400000, '2015-02-25 09:08:11'),
(101, 1, 'hk48', 'COMPRESOOR 1', 0, '2015-02-25 09:08:11'),
(102, 1, '01AI', 'COMPRESSOR HITACHI', 3000000, '2015-02-25 09:08:22'),
(103, 1, '02AI', 'COMPRESSOR HITACHI 2', 2900000, '2015-02-25 09:08:22'),
(104, 1, '03AI', 'COMPRESSOR HITACHI 1', 3400000, '2015-02-25 09:08:22'),
(105, 1, 'hk48', 'COMPRESOOR 1', 0, '2015-02-25 09:08:22'),
(106, 1, '01AI', 'COMPRESSOR HITACHI', 3000000, '2015-02-25 09:08:37'),
(107, 1, '02AI', 'COMPRESSOR HITACHI 2', 2900000, '2015-02-25 09:08:37'),
(108, 1, '03AI', 'COMPRESSOR HITACHI 1', 3400000, '2015-02-25 09:08:37'),
(109, 1, 'hk48', 'COMPRESOOR 1', 0, '2015-02-25 09:08:37'),
(110, 1, '01AI', 'COMPRESSOR HITACHI', 3000000, '2015-02-25 09:08:45'),
(111, 1, '02AI', 'COMPRESSOR HITACHI 2', 2900000, '2015-02-25 09:08:45'),
(112, 1, '03AI', 'COMPRESSOR HITACHI 1', 3400000, '2015-02-25 09:08:45'),
(113, 1, 'hk48', 'COMPRESOOR 1', 0, '2015-02-25 09:08:45'),
(114, 1, '01AI', 'COMPRESSOR HITACHI', 3000000, '2015-02-25 09:08:50'),
(115, 1, '02AI', 'COMPRESSOR HITACHI 2', 2900000, '2015-02-25 09:08:50'),
(116, 1, '03AI', 'COMPRESSOR HITACHI 1', 3400000, '2015-02-25 09:08:50'),
(117, 1, 'hk48', 'COMPRESOOR 1', 0, '2015-02-25 09:08:50'),
(118, 1, '01AI', 'COMPRESSOR HITACHI', 3000000, '2015-02-25 09:09:09'),
(119, 1, '02AI', 'COMPRESSOR HITACHI 2', 2900000, '2015-02-25 09:09:09'),
(120, 1, '03AI', 'COMPRESSOR HITACHI 1', 3400000, '2015-02-25 09:09:09'),
(121, 1, 'hk48', 'COMPRESOOR 1', 0, '2015-02-25 09:09:09'),
(122, 1, '01AI', 'COMPRESSOR HITACHI', 3000000, '2015-02-25 09:09:45'),
(123, 1, '02AI', 'COMPRESSOR HITACHI 2', 2900000, '2015-02-25 09:09:45'),
(124, 1, '03AI', 'COMPRESSOR HITACHI 1', 3400000, '2015-02-25 09:09:45'),
(125, 1, 'hk48', 'COMPRESOOR 1', 0, '2015-02-25 09:09:45'),
(126, 1, '01AI', 'COMPRESSOR HITACHI', 3000000, '2015-02-25 09:09:49'),
(127, 1, '02AI', 'COMPRESSOR HITACHI 2', 2900000, '2015-02-25 09:09:49'),
(128, 1, '03AI', 'COMPRESSOR HITACHI 1', 3400000, '2015-02-25 09:09:49'),
(129, 1, 'hk48', 'COMPRESOOR 1', 0, '2015-02-25 09:09:49'),
(130, 1, '01AI', 'COMPRESSOR HITACHI', 3000000, '2015-02-25 09:09:53'),
(131, 1, '02AI', 'COMPRESSOR HITACHI 2', 2900000, '2015-02-25 09:09:53'),
(132, 1, '03AI', 'COMPRESSOR HITACHI 1', 3400000, '2015-02-25 09:09:53'),
(133, 1, 'hk48', 'COMPRESOOR 1', 0, '2015-02-25 09:09:53'),
(134, 1, '01AI', 'COMPRESSOR HITACHI', 3000000, '2015-02-25 09:10:08'),
(135, 1, '02AI', 'COMPRESSOR HITACHI 2', 2900000, '2015-02-25 09:10:08'),
(136, 1, '03AI', 'COMPRESSOR HITACHI 1', 3400000, '2015-02-25 09:10:08'),
(137, 1, 'hk48', 'COMPRESOOR 1', 0, '2015-02-25 09:10:08'),
(138, 1, '01AI', 'COMPRESSOR HITACHI', 3000000, '2015-02-25 09:11:20'),
(139, 1, '02AI', 'COMPRESSOR HITACHI 2', 2900000, '2015-02-25 09:11:20'),
(140, 1, '03AI', 'COMPRESSOR HITACHI 1', 3400000, '2015-02-25 09:11:20'),
(141, 1, 'hk48', 'COMPRESOOR 1', 0, '2015-02-25 09:11:20'),
(142, 1, '01AI', 'COMPRESSOR HITACHI', 3000000, '2015-02-25 09:14:14'),
(143, 1, '02AI', 'COMPRESSOR HITACHI 2', 2900000, '2015-02-25 09:14:14'),
(144, 1, '03AI', 'COMPRESSOR HITACHI 1', 3400000, '2015-02-25 09:14:14'),
(145, 1, 'hk48', 'COMPRESOOR 1', 0, '2015-02-25 09:14:14'),
(146, 1, '01AI', 'COMPRESSOR HITACHI', 3000000, '2015-02-25 09:14:21'),
(147, 1, '02AI', 'COMPRESSOR HITACHI 2', 2900000, '2015-02-25 09:14:21'),
(148, 1, '03AI', 'COMPRESSOR HITACHI 1', 3400000, '2015-02-25 09:14:21'),
(149, 1, 'hk48', 'COMPRESOOR 1', 0, '2015-02-25 09:14:21'),
(150, 1, '01AI', 'COMPRESSOR HITACHI', 3000000, '2015-02-25 09:14:27'),
(151, 1, '02AI', 'COMPRESSOR HITACHI 2', 2900000, '2015-02-25 09:14:27'),
(152, 1, '03AI', 'COMPRESSOR HITACHI 1', 3400000, '2015-02-25 09:14:27'),
(153, 1, 'hk48', 'COMPRESOOR 1', 0, '2015-02-25 09:14:27'),
(154, 1, '01AI', 'COMPRESSOR HITACHI', 3000000, '2015-02-25 09:14:55'),
(155, 1, '02AI', 'COMPRESSOR HITACHI 2', 2900000, '2015-02-25 09:14:55'),
(156, 1, '03AI', 'COMPRESSOR HITACHI 1', 3400000, '2015-02-25 09:14:55'),
(157, 1, 'hk48', 'COMPRESOOR 1', 0, '2015-02-25 09:14:55'),
(158, 1, '01AI', 'COMPRESSOR HITACHI', 3000000, '2015-02-25 09:15:39'),
(159, 1, '02AI', 'COMPRESSOR HITACHI 2', 2900000, '2015-02-25 09:15:39'),
(160, 1, '03AI', 'COMPRESSOR HITACHI 1', 3400000, '2015-02-25 09:15:39'),
(161, 1, 'hk48', 'COMPRESOOR 1', 0, '2015-02-25 09:15:39'),
(162, 1, '01AI', 'COMPRESSOR HITACHI', 3000000, '2015-02-25 09:16:24'),
(163, 1, '02AI', 'COMPRESSOR HITACHI 2', 2900000, '2015-02-25 09:16:24'),
(164, 1, '03AI', 'COMPRESSOR HITACHI 1', 3400000, '2015-02-25 09:16:24'),
(165, 1, 'hk48', 'COMPRESOOR 1', 0, '2015-02-25 09:16:24'),
(166, 1, '01AI', 'COMPRESSOR HITACHI', 3000000, '2015-02-25 09:16:35'),
(167, 1, '02AI', 'COMPRESSOR HITACHI 2', 2900000, '2015-02-25 09:16:35'),
(168, 1, '03AI', 'COMPRESSOR HITACHI 1', 3400000, '2015-02-25 09:16:35'),
(169, 1, 'hk48', 'COMPRESOOR 1', 0, '2015-02-25 09:16:35'),
(170, 1, '01AI', 'COMPRESSOR HITACHI', 3000000, '2015-02-25 09:16:44'),
(171, 1, '02AI', 'COMPRESSOR HITACHI 2', 2900000, '2015-02-25 09:16:44'),
(172, 1, '03AI', 'COMPRESSOR HITACHI 1', 3400000, '2015-02-25 09:16:44'),
(173, 1, 'hk48', 'COMPRESOOR 1', 0, '2015-02-25 09:16:44'),
(174, 1, '01AI', 'COMPRESSOR HITACHI', 3000000, '2015-02-25 09:17:17'),
(175, 1, '02AI', 'COMPRESSOR HITACHI 2', 2900000, '2015-02-25 09:17:17'),
(176, 1, '03AI', 'COMPRESSOR HITACHI 1', 3400000, '2015-02-25 09:17:17'),
(177, 1, 'hk48', 'COMPRESOOR 1', 0, '2015-02-25 09:17:17'),
(178, 1, '01AI', 'COMPRESSOR HITACHI', 3000000, '2015-02-25 09:20:53'),
(179, 1, '02AI', 'COMPRESSOR HITACHI 2', 2900000, '2015-02-25 09:20:53'),
(180, 1, '03AI', 'COMPRESSOR HITACHI 1', 3400000, '2015-02-25 09:20:53'),
(181, 1, 'hk48', 'COMPRESOOR 1', 0, '2015-02-25 09:20:53'),
(182, 1, '01AI', 'COMPRESSOR HITACHI', 3000000, '2015-02-25 09:29:40'),
(183, 1, '02AI', 'COMPRESSOR HITACHI 2', 2900000, '2015-02-25 09:29:40'),
(184, 1, '03AI', 'COMPRESSOR HITACHI 1', 3400000, '2015-02-25 09:29:40'),
(185, 1, 'hk48', 'COMPRESOOR 1', 0, '2015-02-25 09:29:40'),
(186, 1, '01AI', 'COMPRESSOR HITACHI', 3000000, '2015-02-25 09:29:58'),
(187, 1, '02AI', 'COMPRESSOR HITACHI 2', 2900000, '2015-02-25 09:29:58'),
(188, 1, '03AI', 'COMPRESSOR HITACHI 1', 3400000, '2015-02-25 09:29:58'),
(189, 1, 'hk48', 'COMPRESOOR 1', 0, '2015-02-25 09:29:58'),
(190, 1, '01AI', 'COMPRESSOR HITACHI', 3000000, '2015-02-25 09:30:18'),
(191, 1, '02AI', 'COMPRESSOR HITACHI 2', 2900000, '2015-02-25 09:30:18'),
(192, 1, '03AI', 'COMPRESSOR HITACHI 1', 3400000, '2015-02-25 09:30:18'),
(193, 1, 'hk48', 'COMPRESOOR 1', 0, '2015-02-25 09:30:18'),
(194, 1, '01AI', 'COMPRESSOR HITACHI', 3000000, '2015-02-25 09:30:35'),
(195, 1, '02AI', 'COMPRESSOR HITACHI 2', 2900000, '2015-02-25 09:30:35'),
(196, 1, '03AI', 'COMPRESSOR HITACHI 1', 3400000, '2015-02-25 09:30:35'),
(197, 1, 'hk48', 'COMPRESOOR 1', 0, '2015-02-25 09:30:35'),
(198, 1, '01AI', 'COMPRESSOR HITACHI', 3000000, '2015-02-25 09:30:47'),
(199, 1, '02AI', 'COMPRESSOR HITACHI 2', 2900000, '2015-02-25 09:30:47'),
(200, 1, '03AI', 'COMPRESSOR HITACHI 1', 3400000, '2015-02-25 09:30:47'),
(201, 1, 'hk48', 'COMPRESOOR 1', 0, '2015-02-25 09:30:47'),
(202, 1, '01AI', 'COMPRESSOR HITACHI', 3000000, '2015-02-25 09:31:01'),
(203, 1, '02AI', 'COMPRESSOR HITACHI 2', 2900000, '2015-02-25 09:31:01'),
(204, 1, '03AI', 'COMPRESSOR HITACHI 1', 3400000, '2015-02-25 09:31:01'),
(205, 1, 'hk48', 'COMPRESOOR 1', 0, '2015-02-25 09:31:01'),
(206, 1, '01AI', 'COMPRESSOR HITACHI', 3000000, '2015-02-25 09:33:38'),
(207, 1, '02AI', 'COMPRESSOR HITACHI 2', 2900000, '2015-02-25 09:33:38'),
(208, 1, '03AI', 'COMPRESSOR HITACHI 1', 3400000, '2015-02-25 09:33:38'),
(209, 1, 'hk48', 'COMPRESOOR 1', 0, '2015-02-25 09:33:38'),
(210, 1, '01AI', 'COMPRESSOR HITACHI', 3000000, '2015-02-25 09:35:06'),
(211, 1, '02AI', 'COMPRESSOR HITACHI 2', 2900000, '2015-02-25 09:35:06'),
(212, 1, '03AI', 'COMPRESSOR HITACHI 1', 3400000, '2015-02-25 09:35:06'),
(213, 1, 'hk48', 'COMPRESOOR 1', 0, '2015-02-25 09:35:06'),
(214, 1, '01AI', 'COMPRESSOR HITACHI', 3000000, '2015-02-25 09:36:39'),
(215, 1, '02AI', 'COMPRESSOR HITACHI 2', 2900000, '2015-02-25 09:36:39'),
(216, 1, '03AI', 'COMPRESSOR HITACHI 1', 3400000, '2015-02-25 09:36:39'),
(217, 1, 'hk48', 'COMPRESOOR 1', 0, '2015-02-25 09:36:39'),
(218, 1, '01AI', 'COMPRESSOR HITACHI', 3000000, '2015-02-25 09:37:17'),
(219, 1, '02AI', 'COMPRESSOR HITACHI 2', 2900000, '2015-02-25 09:37:17'),
(220, 1, '03AI', 'COMPRESSOR HITACHI 1', 3400000, '2015-02-25 09:37:17'),
(221, 1, 'hk48', 'COMPRESOOR 1', 0, '2015-02-25 09:37:17'),
(222, 1, '01AI', 'COMPRESSOR HITACHI', 3000000, '2015-02-25 09:38:43'),
(223, 1, '02AI', 'COMPRESSOR HITACHI 2', 2900000, '2015-02-25 09:38:43'),
(224, 1, '03AI', 'COMPRESSOR HITACHI 1', 3400000, '2015-02-25 09:38:43'),
(225, 1, 'hk48', 'COMPRESOOR 1', 0, '2015-02-25 09:38:43'),
(226, 1, '01AI', 'COMPRESSOR HITACHI', 3000000, '2015-02-25 09:39:00'),
(227, 1, '02AI', 'COMPRESSOR HITACHI 2', 2900000, '2015-02-25 09:39:00'),
(228, 1, '03AI', 'COMPRESSOR HITACHI 1', 3400000, '2015-02-25 09:39:00'),
(229, 1, 'hk48', 'COMPRESOOR 1', 0, '2015-02-25 09:39:00'),
(230, 1, '01AI', 'COMPRESSOR HITACHI', 3000000, '2015-02-25 09:40:25'),
(231, 1, '02AI', 'COMPRESSOR HITACHI 2', 2900000, '2015-02-25 09:40:25'),
(232, 1, '03AI', 'COMPRESSOR HITACHI 1', 3400000, '2015-02-25 09:40:25'),
(233, 1, 'hk48', 'COMPRESOOR 1', 0, '2015-02-25 09:40:25'),
(234, 1, '01AI', 'COMPRESSOR HITACHI', 3000000, '2015-02-25 09:40:56'),
(235, 1, '02AI', 'COMPRESSOR HITACHI 2', 2900000, '2015-02-25 09:40:56'),
(236, 1, '03AI', 'COMPRESSOR HITACHI 1', 3400000, '2015-02-25 09:40:56'),
(237, 1, 'hk48', 'COMPRESOOR 1', 0, '2015-02-25 09:40:56'),
(238, 1, '01AI', 'COMPRESSOR HITACHI', 3000000, '2015-02-25 09:41:38'),
(239, 1, '02AI', 'COMPRESSOR HITACHI 2', 2900000, '2015-02-25 09:41:38'),
(240, 1, '03AI', 'COMPRESSOR HITACHI 1', 3400000, '2015-02-25 09:41:38'),
(241, 1, 'hk48', 'COMPRESOOR 1', 0, '2015-02-25 09:41:38'),
(242, 1, '01AI', 'COMPRESSOR HITACHI', 3000000, '2015-02-25 09:44:07'),
(243, 1, '02AI', 'COMPRESSOR HITACHI 2', 2900000, '2015-02-25 09:44:07'),
(244, 1, '03AI', 'COMPRESSOR HITACHI 1', 3400000, '2015-02-25 09:44:07'),
(245, 1, 'hk48', 'COMPRESOOR 1', 0, '2015-02-25 09:44:07'),
(246, 1, '01AI', 'COMPRESSOR HITACHI', 3000000, '2015-02-25 10:04:40'),
(247, 1, '02AI', 'COMPRESSOR HITACHI 2', 2900000, '2015-02-25 10:04:40'),
(248, 1, '03AI', 'COMPRESSOR HITACHI 1', 3400000, '2015-02-25 10:04:40'),
(249, 1, 'hk48', 'COMPRESOOR 1', 0, '2015-02-25 10:04:40'),
(250, 1, '01AI', 'COMPRESSOR HITACHI', 3000000, '2015-02-25 11:37:40'),
(251, 1, '02AI', 'COMPRESSOR HITACHI 2', 2900000, '2015-02-25 11:37:40'),
(252, 1, '03AI', 'COMPRESSOR HITACHI 1', 3400000, '2015-02-25 11:37:40'),
(253, 1, 'hk48', 'COMPRESOOR 1', 0, '2015-02-25 11:37:40'),
(254, 1, '01AI', 'COMPRESSOR HITACHI', 3000000, '2015-02-25 11:42:09'),
(255, 1, '02AI', 'COMPRESSOR HITACHI 2', 2900000, '2015-02-25 11:42:09'),
(256, 1, '03AI', 'COMPRESSOR HITACHI 1', 3400000, '2015-02-25 11:42:09'),
(257, 1, 'hk48', 'COMPRESOOR 1', 0, '2015-02-25 11:42:09'),
(258, 1, '01AI', 'COMPRESSOR HITACHI', 3000000, '2015-02-25 11:42:59'),
(259, 1, '02AI', 'COMPRESSOR HITACHI 2', 2900000, '2015-02-25 11:42:59'),
(260, 1, '03AI', 'COMPRESSOR HITACHI 1', 3400000, '2015-02-25 11:42:59'),
(261, 1, 'hk48', 'COMPRESOOR 1', 0, '2015-02-25 11:42:59'),
(262, 1, '01AI', 'COMPRESSOR HITACHI', 3000000, '2015-02-25 11:43:11'),
(263, 1, '02AI', 'COMPRESSOR HITACHI 2', 2900000, '2015-02-25 11:43:11'),
(264, 1, '03AI', 'COMPRESSOR HITACHI 1', 3400000, '2015-02-25 11:43:11'),
(265, 1, 'hk48', 'COMPRESOOR 1', 0, '2015-02-25 11:43:11'),
(266, 1, '01AI', 'COMPRESSOR HITACHI', 3000000, '2015-02-25 11:43:13'),
(267, 1, '02AI', 'COMPRESSOR HITACHI 2', 2900000, '2015-02-25 11:43:13'),
(268, 1, '03AI', 'COMPRESSOR HITACHI 1', 3400000, '2015-02-25 11:43:13'),
(269, 1, 'hk48', 'COMPRESOOR 1', 0, '2015-02-25 11:43:13'),
(270, 1, '01AI', 'COMPRESSOR HITACHI', 3000000, '2015-02-25 11:43:47'),
(271, 1, '02AI', 'COMPRESSOR HITACHI 2', 2900000, '2015-02-25 11:43:47'),
(272, 1, '03AI', 'COMPRESSOR HITACHI 1', 3400000, '2015-02-25 11:43:47'),
(273, 1, 'hk48', 'COMPRESOOR 1', 0, '2015-02-25 11:43:47'),
(274, 1, '01AI', 'COMPRESSOR HITACHI', 3000000, '2015-02-25 11:43:49'),
(275, 1, '02AI', 'COMPRESSOR HITACHI 2', 2900000, '2015-02-25 11:43:49'),
(276, 1, '03AI', 'COMPRESSOR HITACHI 1', 3400000, '2015-02-25 11:43:49'),
(277, 1, 'hk48', 'COMPRESOOR 1', 0, '2015-02-25 11:43:49'),
(278, 1, '01AI', 'COMPRESSOR HITACHI', 3000000, '2015-02-25 12:00:30'),
(279, 1, '02AI', 'COMPRESSOR HITACHI 2', 2900000, '2015-02-25 12:00:30'),
(280, 1, '03AI', 'COMPRESSOR HITACHI 1', 3400000, '2015-02-25 12:00:30'),
(281, 1, 'hk48', 'COMPRESOOR 1', 0, '2015-02-25 12:00:30'),
(282, 1, '01AI', 'COMPRESSOR HITACHI', 3000000, '2015-02-25 12:00:49'),
(283, 1, '02AI', 'COMPRESSOR HITACHI 2', 2900000, '2015-02-25 12:00:49'),
(284, 1, '03AI', 'COMPRESSOR HITACHI 1', 3400000, '2015-02-25 12:00:49'),
(285, 1, 'hk48', 'COMPRESOOR 1', 0, '2015-02-25 12:00:49'),
(286, 1, '01AI', 'COMPRESSOR HITACHI', 3000000, '2015-02-25 12:01:13'),
(287, 1, '02AI', 'COMPRESSOR HITACHI 2', 2900000, '2015-02-25 12:01:13'),
(288, 1, '03AI', 'COMPRESSOR HITACHI 1', 3400000, '2015-02-25 12:01:13'),
(289, 1, 'hk48', 'COMPRESOOR 1', 0, '2015-02-25 12:01:13'),
(290, 1, '01AI', 'COMPRESSOR HITACHI', 3000000, '2015-02-25 12:02:39'),
(291, 1, '02AI', 'COMPRESSOR HITACHI 2', 2900000, '2015-02-25 12:02:39'),
(292, 1, '03AI', 'COMPRESSOR HITACHI 1', 3400000, '2015-02-25 12:02:39'),
(293, 1, 'hk48', 'COMPRESOOR 1', 0, '2015-02-25 12:02:39'),
(294, 3, '01AI', 'COMPRESSOR HITACHI', 3000000, '2015-02-25 13:08:05'),
(295, 3, '02AI', 'COMPRESSOR HITACHI 2', 2900000, '2015-02-25 13:08:05'),
(296, 3, '01AI', 'COMPRESSOR HITACHI', 3000000, '2015-02-25 13:10:15'),
(297, 3, '02AI', 'COMPRESSOR HITACHI 2', 2900000, '2015-02-25 13:10:15'),
(298, 3, '01AI', 'COMPRESSOR HITACHI', 3000000, '2015-02-25 13:10:19'),
(299, 3, '02AI', 'COMPRESSOR HITACHI 2', 2900000, '2015-02-25 13:10:19'),
(300, 3, '01AI', 'COMPRESSOR HITACHI', 2940000, '2015-02-25 13:12:36'),
(301, 3, '02AI', 'COMPRESSOR HITACHI 2', 2813000, '2015-02-25 13:12:36'),
(302, 3, '01AI', 'COMPRESSOR HITACHI', 2940000, '2015-02-25 13:13:00'),
(303, 3, '02AI', 'COMPRESSOR HITACHI 2', 2813000, '2015-02-25 13:13:00'),
(304, 3, '01AI', 'COMPRESSOR HITACHI', 2940000, '2015-02-25 13:13:07'),
(305, 3, '02AI', 'COMPRESSOR HITACHI 2', 2813000, '2015-02-25 13:13:07'),
(306, 3, '01AI', 'COMPRESSOR HITACHI', 2940000, '2015-02-25 14:16:51'),
(307, 3, '02AI', 'COMPRESSOR HITACHI 2', 2813000, '2015-02-25 14:16:51'),
(308, 1, '01AI', 'COMPRESSOR HITACHI', 3000000, '2015-02-25 14:20:04'),
(309, 1, '02AI', 'COMPRESSOR HITACHI 2', 2900000, '2015-02-25 14:20:04'),
(310, 1, '03AI', 'COMPRESSOR HITACHI 1', 3400000, '2015-02-25 14:20:04'),
(311, 1, 'hk48', 'COMPRESOOR 1', 0, '2015-02-25 14:20:04'),
(312, 3, '01AI', 'COMPRESSOR HITACHI', 2940000, '2015-02-25 14:20:07'),
(313, 3, '02AI', 'COMPRESSOR HITACHI 2', 2813000, '2015-02-25 14:20:07'),
(314, 3, '01AI', 'COMPRESSOR HITACHI', 2940000, '2015-02-25 14:20:59'),
(315, 3, '02AI', 'COMPRESSOR HITACHI 2', 2813000, '2015-02-25 14:20:59'),
(316, 3, '01AI', 'COMPRESSOR HITACHI', 2940000, '2015-02-25 14:24:33'),
(317, 3, '02AI', 'COMPRESSOR HITACHI 2', 2813000, '2015-02-25 14:24:33'),
(318, 3, '01AI', 'COMPRESSOR HITACHI', 2940000, '2015-03-09 11:08:41'),
(319, 3, '02AI', 'COMPRESSOR HITACHI 2', 2813000, '2015-03-09 11:08:41'),
(320, 3, '01AI', 'COMPRESSOR HITACHI', 2940000, '2015-03-09 11:11:06'),
(321, 3, '02AI', 'COMPRESSOR HITACHI 2', 2813000, '2015-03-09 11:11:06'),
(322, 3, '01AI', 'COMPRESSOR HITACHI', 2940000, '2015-03-09 11:11:19'),
(323, 3, '02AI', 'COMPRESSOR HITACHI 2', 2813000, '2015-03-09 11:11:19'),
(324, 3, '01AI', 'COMPRESSOR HITACHI', 2940000, '2015-03-09 15:40:15'),
(325, 3, '02AI', 'COMPRESSOR HITACHI 2', 2813000, '2015-03-09 15:40:15'),
(326, 3, '01AI', 'COMPRESSOR HITACHI', 2940000, '2015-03-09 15:43:52'),
(327, 3, '02AI', 'COMPRESSOR HITACHI 2', 2813000, '2015-03-09 15:43:52'),
(328, 3, '01AI', 'COMPRESSOR HITACHI', 2940000, '2015-03-09 15:47:23'),
(329, 3, '02AI', 'COMPRESSOR HITACHI 2', 2813000, '2015-03-09 15:47:23'),
(330, 3, '01AI', 'COMPRESSOR HITACHI', 2940000, '2015-03-09 15:48:31'),
(331, 3, '02AI', 'COMPRESSOR HITACHI 2', 2813000, '2015-03-09 15:48:31'),
(332, 3, '01AI', 'COMPRESSOR HITACHI', 2940000, '2015-03-09 15:49:14'),
(333, 3, '02AI', 'COMPRESSOR HITACHI 2', 2813000, '2015-03-09 15:49:14'),
(334, 3, '01AI', 'COMPRESSOR HITACHI', 2940000, '2015-03-09 15:49:28'),
(335, 3, '02AI', 'COMPRESSOR HITACHI 2', 2813000, '2015-03-09 15:49:28'),
(336, 3, '01AI', 'COMPRESSOR HITACHI', 2940000, '2015-03-09 15:49:43'),
(337, 3, '02AI', 'COMPRESSOR HITACHI 2', 2813000, '2015-03-09 15:49:43'),
(338, 3, '01AI', 'COMPRESSOR HITACHI', 2940000, '2015-03-09 15:50:11'),
(339, 3, '02AI', 'COMPRESSOR HITACHI 2', 2813000, '2015-03-09 15:50:11'),
(340, 3, '01AI', 'COMPRESSOR HITACHI', 2940000, '2015-03-09 15:50:26'),
(341, 3, '02AI', 'COMPRESSOR HITACHI 2', 2813000, '2015-03-09 15:50:26'),
(342, 3, '01AI', 'COMPRESSOR HITACHI', 2940000, '2015-03-09 15:50:37'),
(343, 3, '02AI', 'COMPRESSOR HITACHI 2', 2813000, '2015-03-09 15:50:37'),
(344, 3, '01AI', 'COMPRESSOR HITACHI', 2940000, '2015-03-09 15:50:58'),
(345, 3, '02AI', 'COMPRESSOR HITACHI 2', 2813000, '2015-03-09 15:50:58'),
(346, 3, '01AI', 'COMPRESSOR HITACHI', 2940000, '2015-03-10 11:43:38'),
(347, 3, '02AI', 'COMPRESSOR HITACHI 2', 2813000, '2015-03-10 11:43:38'),
(348, 3, '01AI', 'COMPRESSOR HITACHI', 2940000, '2015-03-10 11:54:58'),
(349, 3, '02AI', 'COMPRESSOR HITACHI 2', 2813000, '2015-03-10 11:54:58'),
(350, 3, '01AI', 'COMPRESSOR HITACHI', 2940000, '2015-03-10 11:59:14'),
(351, 3, '02AI', 'COMPRESSOR HITACHI 2', 2813000, '2015-03-10 11:59:14'),
(352, 3, '01AI', 'COMPRESSOR HITACHI', 2940000, '2015-03-10 12:04:58'),
(353, 3, '02AI', 'COMPRESSOR HITACHI 2', 2813000, '2015-03-10 12:04:58'),
(354, 3, '01AI', 'COMPRESSOR HITACHI', 2940000, '2015-03-10 12:08:15'),
(355, 3, '02AI', 'COMPRESSOR HITACHI 2', 2813000, '2015-03-10 12:08:15'),
(356, 3, '01AI', 'COMPRESSOR HITACHI', 2940000, '2015-03-10 12:19:16'),
(357, 3, '02AI', 'COMPRESSOR HITACHI 2', 2813000, '2015-03-10 12:19:16'),
(358, 3, '01AI', 'COMPRESSOR HITACHI', 2940000, '2015-03-10 12:26:08'),
(359, 3, '02AI', 'COMPRESSOR HITACHI 2', 2813000, '2015-03-10 12:26:08'),
(360, 3, '01AI', 'COMPRESSOR HITACHI', 2940000, '2015-03-10 12:28:50'),
(361, 3, '02AI', 'COMPRESSOR HITACHI 2', 2813000, '2015-03-10 12:28:50'),
(362, 3, '01AI', 'COMPRESSOR HITACHI', 2940000, '2015-03-10 12:29:10'),
(363, 3, '02AI', 'COMPRESSOR HITACHI 2', 2813000, '2015-03-10 12:29:10'),
(364, 3, '01AI', 'COMPRESSOR HITACHI', 2940000, '2015-03-10 12:30:23'),
(365, 3, '02AI', 'COMPRESSOR HITACHI 2', 2813000, '2015-03-10 12:30:23'),
(366, 3, '01AI', 'COMPRESSOR HITACHI', 2940000, '2015-03-10 12:32:55'),
(367, 3, '02AI', 'COMPRESSOR HITACHI 2', 2813000, '2015-03-10 12:32:55'),
(368, 3, '01AI', 'COMPRESSOR HITACHI', 2940000, '2015-03-10 12:35:01'),
(369, 3, '02AI', 'COMPRESSOR HITACHI 2', 2813000, '2015-03-10 12:35:01'),
(370, 3, '01AI', 'COMPRESSOR HITACHI', 2940000, '2015-03-10 13:08:23'),
(371, 3, '02AI', 'COMPRESSOR HITACHI 2', 2813000, '2015-03-10 13:08:23'),
(372, 3, '01AI', 'COMPRESSOR HITACHI', 2940000, '2015-03-10 13:08:42'),
(373, 3, '02AI', 'COMPRESSOR HITACHI 2', 2813000, '2015-03-10 13:08:42'),
(374, 3, '01AI', 'COMPRESSOR HITACHI', 2940000, '2015-03-10 13:08:52'),
(375, 3, '02AI', 'COMPRESSOR HITACHI 2', 2813000, '2015-03-10 13:08:52'),
(376, 3, '01AI', 'COMPRESSOR HITACHI', 2940000, '2015-03-10 13:10:46'),
(377, 3, '02AI', 'COMPRESSOR HITACHI 2', 2813000, '2015-03-10 13:10:46'),
(378, 3, '01AI', 'COMPRESSOR HITACHI', 2940000, '2015-03-10 13:11:07'),
(379, 3, '02AI', 'COMPRESSOR HITACHI 2', 2813000, '2015-03-10 13:11:07'),
(380, 3, '01AI', 'COMPRESSOR HITACHI', 2940000, '2015-03-10 13:14:58'),
(381, 3, '02AI', 'COMPRESSOR HITACHI 2', 2813000, '2015-03-10 13:14:58'),
(382, 3, '01AI', 'COMPRESSOR HITACHI', 2940000, '2015-03-10 13:15:12'),
(383, 3, '02AI', 'COMPRESSOR HITACHI 2', 2813000, '2015-03-10 13:15:12'),
(384, 3, '01AI', 'COMPRESSOR HITACHI', 2940000, '2015-03-10 13:16:41'),
(385, 3, '02AI', 'COMPRESSOR HITACHI 2', 2813000, '2015-03-10 13:16:41'),
(386, 3, '01AI', 'COMPRESSOR HITACHI', 2940000, '2015-03-10 13:17:25'),
(387, 3, '02AI', 'COMPRESSOR HITACHI 2', 2813000, '2015-03-10 13:17:25'),
(388, 3, '01AI', 'COMPRESSOR HITACHI', 2940000, '2015-03-10 13:17:36'),
(389, 3, '02AI', 'COMPRESSOR HITACHI 2', 2813000, '2015-03-10 13:17:36'),
(390, 3, '01AI', 'COMPRESSOR HITACHI', 2940000, '2015-03-10 13:18:35'),
(391, 3, '02AI', 'COMPRESSOR HITACHI 2', 2813000, '2015-03-10 13:18:35'),
(392, 3, '01AI', 'COMPRESSOR HITACHI', 2940000, '2015-03-10 13:18:44'),
(393, 3, '02AI', 'COMPRESSOR HITACHI 2', 2813000, '2015-03-10 13:18:44'),
(394, 3, '01AI', 'COMPRESSOR HITACHI', 2940000, '2015-03-10 13:19:18'),
(395, 3, '02AI', 'COMPRESSOR HITACHI 2', 2813000, '2015-03-10 13:19:18'),
(396, 3, '01AI', 'COMPRESSOR HITACHI', 2940000, '2015-03-10 13:19:31'),
(397, 3, '02AI', 'COMPRESSOR HITACHI 2', 2813000, '2015-03-10 13:19:31'),
(398, 3, '01AI', 'COMPRESSOR HITACHI', 2940000, '2015-03-10 13:20:19'),
(399, 3, '02AI', 'COMPRESSOR HITACHI 2', 2813000, '2015-03-10 13:20:19'),
(400, 3, '01AI', 'COMPRESSOR HITACHI', 2940000, '2015-03-10 13:22:01'),
(401, 3, '02AI', 'COMPRESSOR HITACHI 2', 2813000, '2015-03-10 13:22:01'),
(402, 3, '01AI', 'COMPRESSOR HITACHI', 2940000, '2015-03-10 13:22:09'),
(403, 3, '02AI', 'COMPRESSOR HITACHI 2', 2813000, '2015-03-10 13:22:09'),
(404, 3, '01AI', 'COMPRESSOR HITACHI', 2940000, '2015-03-10 13:22:24'),
(405, 3, '02AI', 'COMPRESSOR HITACHI 2', 2813000, '2015-03-10 13:22:24'),
(406, 3, '01AI', 'COMPRESSOR HITACHI', 2940000, '2015-03-20 11:02:07'),
(407, 3, '02AI', 'COMPRESSOR HITACHI 2', 2813000, '2015-03-20 11:02:07'),
(408, 3, '01AI', 'COMPRESSOR HITACHI', 2940000, '2015-03-20 11:30:30'),
(409, 3, '02AI', 'COMPRESSOR HITACHI 2', 2813000, '2015-03-20 11:30:30'),
(410, 3, '01AI', 'COMPRESSOR HITACHI', 2940000, '2015-03-20 11:30:33'),
(411, 3, '02AI', 'COMPRESSOR HITACHI 2', 2813000, '2015-03-20 11:30:33'),
(412, 3, '01AI', 'COMPRESSOR HITACHI', 2940000, '2015-03-20 11:30:47'),
(413, 3, '02AI', 'COMPRESSOR HITACHI 2', 2813000, '2015-03-20 11:30:47'),
(414, 3, '01AI', 'COMPRESSOR HITACHI', 2940000, '2015-03-20 11:30:55'),
(415, 3, '02AI', 'COMPRESSOR HITACHI 2', 2813000, '2015-03-20 11:30:55'),
(416, 3, '01AI', 'COMPRESSOR HITACHI', 2940000, '2015-03-20 11:34:23'),
(417, 3, '02AI', 'COMPRESSOR HITACHI 2', 2813000, '2015-03-20 11:34:23'),
(418, 3, '01AI', 'COMPRESSOR HITACHI', 2940000, '2015-03-20 11:44:19'),
(419, 3, '02AI', 'COMPRESSOR HITACHI 2', 2813000, '2015-03-20 11:44:19'),
(420, 3, '01AI', 'COMPRESSOR HITACHI', 2940000, '2015-03-20 15:32:16'),
(421, 3, '02AI', 'COMPRESSOR HITACHI 2', 2813000, '2015-03-20 15:32:16'),
(422, 3, '01AI', 'COMPRESSOR HITACHI', 2940000, '2015-03-20 15:32:22'),
(423, 3, '02AI', 'COMPRESSOR HITACHI 2', 2813000, '2015-03-20 15:32:22'),
(424, 3, '01AI', 'COMPRESSOR HITACHI', 2940000, '2015-03-20 15:32:29'),
(425, 3, '02AI', 'COMPRESSOR HITACHI 2', 2813000, '2015-03-20 15:32:29'),
(426, 3, '01AI', 'COMPRESSOR HITACHI', 2940000, '2015-03-20 16:04:25'),
(427, 3, '02AI', 'COMPRESSOR HITACHI 2', 2813000, '2015-03-20 16:04:25'),
(428, 3, '01AI', 'COMPRESSOR HITACHI', 2940000, '2015-03-20 16:05:33'),
(429, 3, '02AI', 'COMPRESSOR HITACHI 2', 2813000, '2015-03-20 16:05:33'),
(430, 3, '01AI', 'COMPRESSOR HITACHI', 2940000, '2015-03-20 16:05:49'),
(431, 3, '02AI', 'COMPRESSOR HITACHI 2', 2813000, '2015-03-20 16:05:49'),
(432, 3, '01AI', 'COMPRESSOR HITACHI', 2940000, '2015-03-20 16:07:57'),
(433, 3, '02AI', 'COMPRESSOR HITACHI 2', 2813000, '2015-03-20 16:07:57'),
(434, 3, '01AI', 'COMPRESSOR HITACHI', 2940000, '2015-03-20 16:10:00'),
(435, 3, '02AI', 'COMPRESSOR HITACHI 2', 2813000, '2015-03-20 16:10:00'),
(436, 3, '01AI', 'COMPRESSOR HITACHI', 2940000, '2015-03-20 16:11:18'),
(437, 3, '02AI', 'COMPRESSOR HITACHI 2', 2813000, '2015-03-20 16:11:18'),
(438, 3, '01AI', 'COMPRESSOR HITACHI', 2940000, '2015-03-20 16:11:50'),
(439, 3, '02AI', 'COMPRESSOR HITACHI 2', 2813000, '2015-03-20 16:11:50'),
(440, 3, '01AI', 'COMPRESSOR HITACHI', 2940000, '2015-03-20 16:12:05'),
(441, 3, '02AI', 'COMPRESSOR HITACHI 2', 2813000, '2015-03-20 16:12:05'),
(442, 3, '01AI', 'COMPRESSOR HITACHI', 2940000, '2015-03-20 16:12:53'),
(443, 3, '02AI', 'COMPRESSOR HITACHI 2', 2813000, '2015-03-20 16:12:53'),
(444, 3, '01AI', 'COMPRESSOR HITACHI', 2940000, '2015-03-20 16:13:06'),
(445, 3, '02AI', 'COMPRESSOR HITACHI 2', 2813000, '2015-03-20 16:13:06'),
(446, 3, '01AI', 'COMPRESSOR HITACHI', 2940000, '2015-03-20 16:17:46'),
(447, 3, '02AI', 'COMPRESSOR HITACHI 2', 2813000, '2015-03-20 16:17:46'),
(448, 3, '01AI', 'COMPRESSOR HITACHI', 2940000, '2015-03-20 16:19:27'),
(449, 3, '02AI', 'COMPRESSOR HITACHI 2', 2813000, '2015-03-20 16:19:27'),
(450, 3, '01AI', 'COMPRESSOR HITACHI', 2940000, '2015-03-20 16:20:18'),
(451, 3, '02AI', 'COMPRESSOR HITACHI 2', 2813000, '2015-03-20 16:20:18'),
(452, 3, '01AI', 'COMPRESSOR HITACHI', 2940000, '2015-03-20 16:20:32'),
(453, 3, '02AI', 'COMPRESSOR HITACHI 2', 2813000, '2015-03-20 16:20:32'),
(454, 3, '01AI', 'COMPRESSOR HITACHI', 2940000, '2015-03-20 16:21:00'),
(455, 3, '02AI', 'COMPRESSOR HITACHI 2', 2813000, '2015-03-20 16:21:00'),
(456, 3, '01AI', 'COMPRESSOR HITACHI', 2940000, '2015-03-20 16:21:09'),
(457, 3, '02AI', 'COMPRESSOR HITACHI 2', 2813000, '2015-03-20 16:21:09'),
(458, 3, '01AI', 'COMPRESSOR HITACHI', 2940000, '2015-03-20 16:21:32'),
(459, 3, '02AI', 'COMPRESSOR HITACHI 2', 2813000, '2015-03-20 16:21:32'),
(460, 3, '01AI', 'COMPRESSOR HITACHI', 2940000, '2015-03-20 16:22:54'),
(461, 3, '02AI', 'COMPRESSOR HITACHI 2', 2813000, '2015-03-20 16:22:54'),
(462, 3, '01AI', 'COMPRESSOR HITACHI', 2940000, '2015-03-20 16:23:18'),
(463, 3, '02AI', 'COMPRESSOR HITACHI 2', 2813000, '2015-03-20 16:23:18'),
(464, 3, '01AI', 'COMPRESSOR HITACHI', 2940000, '2015-03-20 16:24:18'),
(465, 3, '02AI', 'COMPRESSOR HITACHI 2', 2813000, '2015-03-20 16:24:18'),
(466, 3, '01AI', 'COMPRESSOR HITACHI', 2940000, '2015-03-20 16:24:45'),
(467, 3, '02AI', 'COMPRESSOR HITACHI 2', 2813000, '2015-03-20 16:24:45'),
(468, 3, '01AI', 'COMPRESSOR HITACHI', 2940000, '2015-03-20 16:31:05'),
(469, 3, '02AI', 'COMPRESSOR HITACHI 2', 2813000, '2015-03-20 16:31:05'),
(470, 3, '01AI', 'COMPRESSOR HITACHI', 2940000, '2015-03-20 16:32:26'),
(471, 3, '02AI', 'COMPRESSOR HITACHI 2', 2813000, '2015-03-20 16:32:26'),
(472, 1, '01AI', 'COMPRESSOR HITACHI', 2147483647, '2015-03-20 16:57:45'),
(473, 1, '02AI', 'COMPRESSOR HITACHI 2', 2900000, '2015-03-20 17:03:51'),
(474, 1, '02AI', 'COMPRESSOR HITACHI 2', 2900000, '2015-03-20 17:04:49'),
(475, 1, '02AI', 'COMPRESSOR HITACHI 2', 2900000, '2015-03-20 17:05:59'),
(476, 1, '02AI', 'COMPRESSOR HITACHI 2', 2900000, '2015-03-20 17:08:14'),
(477, 1, '02AI', 'COMPRESSOR HITACHI 2', 2900000, '2015-03-20 17:08:56'),
(478, 1, '02AI', 'COMPRESSOR HITACHI 2', 2900000, '2015-03-20 17:10:39'),
(479, 1, '02AI', 'COMPRESSOR HITACHI 2', 2900000, '2015-03-20 17:13:37'),
(480, 1, '02AI', 'COMPRESSOR HITACHI 2', 2900000, '2015-03-20 17:14:09'),
(481, 1, '02AI', 'COMPRESSOR HITACHI 2', 2900000, '2015-03-20 17:15:53'),
(482, 1, '02AI', 'COMPRESSOR HITACHI 2', 2900000, '2015-03-20 17:15:56'),
(483, 1, '02AI', 'COMPRESSOR HITACHI 2', 2900000, '2015-03-20 17:35:09'),
(484, 1, '02AI', 'COMPRESSOR HITACHI 2', 2900000, '2015-03-20 17:35:13'),
(485, 1, '02AI', 'COMPRESSOR HITACHI 2', 2900000, '2015-03-20 17:35:50'),
(486, 1, '02AI', 'COMPRESSOR HITACHI 2', 2900000, '2015-03-20 17:41:23'),
(487, 4, 'PENAFIT', 'PEBAFIT', 11800000, '2015-03-23 16:40:30'),
(488, 4, 'PENAFIT', 'PEBAFIT', 11800000, '2015-03-23 16:40:47'),
(489, 4, 'PENAFIT', 'PEBAFIT', 11800000, '2015-03-23 16:42:19'),
(490, 4, 'PENAFIT', 'PEBAFIT', 11800000, '2015-03-23 16:42:19'),
(491, 4, 'PENAFIT', 'PEBAFIT', 11800000, '2015-03-23 16:42:31'),
(492, 4, 'PENAFIT', 'PEBAFIT', 11800000, '2015-03-23 16:49:40'),
(493, 4, 'PENAFIT', 'PEBAFIT', 11800000, '2015-03-23 16:51:03'),
(494, 4, 'PENAFIT', 'PEBAFIT', 11800000, '2015-03-23 16:51:24'),
(495, 4, 'PENAFIT', 'PENAFIT', 11800000, '2015-03-24 13:37:48'),
(496, 4, 'PENAFIT', 'PENAFIT', 23600000, '2015-03-24 13:40:20'),
(497, 4, 'PENAFIT', 'PENAFIT', 23600000, '2015-03-24 13:41:18'),
(498, 5, 'keji bel', 'KEJI BELING', 14400000, '2015-03-27 11:34:11'),
(499, 5, 'keji bel', 'KEJI BELING', 14400000, '2015-03-27 11:34:25'),
(500, 6, 'SALF B', 'SEAN SALF 14GR', 18750000, '2015-03-28 09:48:46'),
(501, 6, 'SALF B', 'SEAN SALF 14GR', 18750000, '2015-03-28 09:50:12'),
(502, 6, 'SALF B', 'SEAN SALF 14GR', 18750000, '2015-03-28 09:51:41'),
(503, 6, 'SALF B', 'SEAN SALF 14GR', 18750000, '2015-03-28 09:51:49'),
(504, 6, 'SALF B', 'SEAN SALF 14GR', 18750000, '2015-03-28 09:53:34'),
(505, 6, 'SALF B', 'SEAN SALF 14GR', 18750000, '2015-03-28 09:54:29'),
(506, 7, 'CBD', 'CEBADIAR', 4560000, '2015-03-28 11:54:55'),
(507, 7, 'HSP BX', 'HON SHIP PAO', 3600000, '2015-03-28 11:54:55'),
(508, 7, 'PAP KLG', 'NEW PAPAI', 3240000, '2015-03-28 11:54:55'),
(509, 7, 'YT', 'YEEE TIN ', 4320000, '2015-03-28 11:54:55'),
(510, 7, 'CBD', 'CEBADIAR', 4560000, '2015-03-28 11:56:21'),
(511, 7, 'HSP BX', 'HON SHIP PAO', 3600000, '2015-03-28 11:56:21'),
(512, 7, 'PAP KLG', 'NEW PAPAI', 3240000, '2015-03-28 11:56:21'),
(513, 7, 'YT', 'YEEE TIN ', 4320000, '2015-03-28 11:56:21'),
(514, 7, 'SMH', 'SUPER MAGIC MAN (HIT', 0, '2015-03-28 12:00:28'),
(515, 7, 'SMH', 'SUPER MAGIC MAN (HIT', 0, '2015-03-28 12:01:19'),
(516, 7, 'SMH', 'SUPER MAGIC MAN (HIT', 18250000, '2015-03-28 12:03:52'),
(517, 7, 'SMH', 'SUPER MAGIC MAN (HIT', 18250000, '2015-03-28 12:05:11'),
(518, 8, 'smt', 'SEMUT', 23000000, '2015-03-30 14:08:08'),
(519, 9, 'NSB 14GR', 'NOSIB 14GR', 37324800, '2015-03-31 15:57:52'),
(520, 9, 'NSB 9GR', 'NOSIB SALP 9 GR', 12684600, '2015-03-31 15:57:52'),
(521, 9, 'NSB 14GR', 'NOSIB 14GR', 37324800, '2015-03-31 15:59:30'),
(522, 9, 'NSB 9GR', 'NOSIB SALP 9 GR', 12684600, '2015-03-31 15:59:30'),
(523, 10, 'PAREM 30', 'PAREM BISON 30cc', 10692000, '2015-03-31 16:00:59'),
(524, 10, 'PAREM 30', 'PAREM BISON 30cc', 10692000, '2015-03-31 16:01:44'),
(525, 10, 'PAREM 30', 'PAREM BISON 30cc', 10692000, '2015-03-31 16:03:02'),
(526, 10, 'PAREM 30', 'PAREM BISON 30cc', 10692000, '2015-03-31 16:03:44'),
(527, 10, 'PAREM 30', 'PAREM BISON 30cc', 10692000, '2015-03-31 16:05:10'),
(528, 10, 'PAREM 30', 'PAREM BISON 30cc', 10692000, '2015-03-31 16:06:36'),
(529, 10, 'PAREM 30', 'PAREM BISON 30cc', 10692000, '2015-03-31 16:06:57'),
(530, 10, 'PAREM 30', 'PAREM BISON 30cc', 10692000, '2015-03-31 16:09:14'),
(531, 10, 'PAREM 30', 'PAREM BISON 30cc', 10692000, '2015-03-31 16:09:30'),
(532, 10, 'PAREM 30', 'PAREM BISON 30cc', 10692000, '2015-03-31 16:15:47'),
(533, 10, 'PAREM 30', 'PAREM BISON 30cc', 10692000, '2015-03-31 16:16:03'),
(534, 10, 'PAREM 30', 'PAREM BISON 30cc', 10692000, '2015-03-31 16:17:04'),
(535, 10, 'PAREM 30', 'PAREM BISON 30cc', 10692000, '2015-03-31 16:17:20'),
(536, 10, 'PAREM 30', 'PAREM BISON 30cc', 10692000, '2015-03-31 16:22:22'),
(537, 10, 'PAREM 30', 'PAREM BISON 30cc', 10692000, '2015-03-31 16:23:46'),
(538, 10, 'PAREM 30', 'PAREM BISON 30cc', 10692000, '2015-03-31 16:25:49'),
(539, 10, 'PAREM 30', 'PAREM BISON 30cc', 10692000, '2015-03-31 16:26:19'),
(540, 10, 'PAREM 30', 'PAREM BISON 30cc', 10692000, '2015-03-31 16:27:30'),
(541, 10, 'PAREM 30', 'PAREM BISON 30cc', 10692000, '2015-03-31 16:28:04'),
(542, 10, 'PAREM 30', 'PAREM BISON 30cc', 10692000, '2015-03-31 16:28:12'),
(543, 10, 'PAREM 30', 'PAREM BISON 30cc', 10692000, '2015-03-31 16:32:58'),
(544, 10, 'PAREM 30', 'PAREM BISON 30cc', 10692000, '2015-03-31 16:33:13'),
(545, 9, 'NSB 14GR', 'NOSIB 14GR', 36578304, '2015-03-31 16:37:22'),
(546, 9, 'NSB 9GR', 'NOSIB SALP 9 GR', 12430908, '2015-03-31 16:37:22'),
(547, 9, 'NSB 14GR', 'NOSIB 14GR', 36765000, '2015-03-31 16:41:09'),
(548, 9, 'NSB 9GR', 'NOSIB SALP 9 GR', 12494100, '2015-03-31 16:41:09'),
(549, 9, 'NSB 14GR', 'NOSIB 14GR', 36765000, '2015-03-31 16:41:35'),
(550, 9, 'NSB 9GR', 'NOSIB SALP 9 GR', 12494100, '2015-03-31 16:41:35'),
(551, 9, 'NSB 14GR', 'NOSIB 14GR', 36765000, '2015-03-31 16:43:18'),
(552, 9, 'NSB 9GR', 'NOSIB SALP 9 GR', 12494100, '2015-03-31 16:43:18'),
(553, 9, 'NSB 14GR', 'NOSIB 14GR', 36765000, '2015-03-31 16:44:46'),
(554, 9, 'NSB 9GR', 'NOSIB SALP 9 GR', 12494100, '2015-03-31 16:44:46'),
(555, 9, 'NSB 14GR', 'NOSIB 14GR', 36765000, '2015-03-31 16:45:53'),
(556, 9, 'NSB 9GR', 'NOSIB SALP 9 GR', 12494100, '2015-03-31 16:45:53'),
(557, 9, 'NSB 14GR', 'NOSIB 14GR', 36765000, '2015-03-31 16:45:58'),
(558, 9, 'NSB 9GR', 'NOSIB SALP 9 GR', 12494100, '2015-03-31 16:45:58'),
(559, 9, 'NSB 14GR', 'NOSIB 14GR', 36765000, '2015-03-31 16:55:00'),
(560, 9, 'NSB 9GR', 'NOSIB SALP 9 GR', 12494100, '2015-03-31 16:55:00'),
(561, 9, 'NSB 14GR', 'NOSIB 14GR', 36765000, '2015-03-31 16:55:07'),
(562, 9, 'NSB 9GR', 'NOSIB SALP 9 GR', 12494100, '2015-03-31 16:55:07'),
(563, 10, 'PAREM 30', 'PAREM BISON 30cc', 10531600, '2015-03-31 16:58:47'),
(564, 10, 'PAREM 30', 'PAREM BISON 30cc', 10531600, '2015-03-31 16:58:59'),
(565, 6, 'NSB 14GR', 'NOSIB 14GR', 73528800, '2015-03-31 17:02:15'),
(566, 6, 'NSB 14GR', 'NOSIB 14GR', 73528800, '2015-03-31 17:02:46'),
(567, 6, 'NSB 14GR', 'NOSIB 14GR', 73528800, '2015-03-31 17:03:13'),
(568, 6, 'NSB 14GR', 'NOSIB 14GR', 73528800, '2015-03-31 17:05:02'),
(569, 11, 'NSB 14GR', 'NOSIB 14GR', 216169200, '2015-03-31 17:13:59'),
(570, 11, 'NSB 9GR', 'NOSIB SALP 9 GR', 98400, '2015-03-31 17:13:59'),
(571, 11, 'NSB 14GR', 'NOSIB 14GR', 216169200, '2015-03-31 17:15:47'),
(572, 11, 'NSB 9GR', 'NOSIB SALP 9 GR', 98400, '2015-03-31 17:15:47'),
(573, 11, 'NSB 14GR', 'NOSIB 14GR', 216169200, '2015-03-31 17:16:22'),
(574, 11, 'NSB 9GR', 'NOSIB SALP 9 GR', 97951200, '2015-03-31 17:16:22'),
(575, 11, 'NSB 14GR', 'NOSIB 14GR', 216169200, '2015-03-31 17:16:51'),
(576, 11, 'NSB 9GR', 'NOSIB SALP 9 GR', 97951200, '2015-03-31 17:16:51'),
(577, 4, 'NSB 14GR', 'NOSIB 14GR', 36213600, '2015-03-31 17:20:54'),
(578, 4, 'NSB 14GR', 'NOSIB 14GR', 36213600, '2015-03-31 17:22:03'),
(579, 4, 'NSB 14GR', 'NOSIB 14GR', 36765000, '2015-03-31 17:22:38'),
(580, 4, 'NSB 14GR', 'NOSIB 14GR', 36765000, '2015-03-31 17:24:44'),
(581, 9, 'DWT', 'DAILY WITS', 17280000, '2015-04-01 13:11:27'),
(582, 9, 'DWT', 'DAILY WITS', 17280000, '2015-04-01 13:12:09'),
(583, 4, 'DWT', 'DAILY WITS', 17280000, '2015-04-01 13:12:55'),
(584, 4, 'DWT', 'DAILY WITS', 17280000, '2015-04-01 13:14:08'),
(585, 12, 'DWT', 'DAILY WITS', 5472000, '2015-04-01 13:17:26'),
(586, 4, 'CBD', 'CEBADIAR', 380000, '2015-04-13 17:53:42'),
(587, 4, 'CBD', 'CEBADIAR', 380000, '2015-04-13 17:53:54'),
(588, 4, 'CBD', 'CEBADIAR', 380000, '2015-04-13 17:56:57'),
(589, 4, 'CBD', 'CEBADIAR', 380000, '2015-04-13 17:57:55'),
(590, 4, 'CBD', 'CEBADIAR', 380000, '2015-04-13 17:58:01'),
(591, 4, 'CBD', 'CEBADIAR', 380000, '2015-04-13 17:58:17'),
(592, 4, 'CBD', 'CEBADIAR', 380000, '2015-04-13 17:59:24'),
(593, 4, 'CBD', 'CEBADIAR', 380000, '2015-04-13 18:00:45'),
(594, 4, 'CBD', 'CEBADIAR', 950000, '2015-04-13 18:01:20'),
(595, 4, 'HSP BX', 'HON SHIP PAO', 600000, '2015-04-13 18:01:20'),
(596, 4, 'CBD', 'CEBADIAR', 950000, '2015-04-14 08:32:59'),
(597, 4, 'HSP BX', 'HON SHIP PAO', 600000, '2015-04-14 08:32:59'),
(598, 4, 'CBD', 'CEBADIAR', 950000, '2015-04-14 08:34:00'),
(599, 4, 'HSP BX', 'HON SHIP PAO', 600000, '2015-04-14 08:34:00'),
(600, 4, 'CBD', 'CEBADIAR', 950000, '2015-04-14 08:35:45'),
(601, 4, 'HSP BX', 'HON SHIP PAO', 600000, '2015-04-14 08:35:45'),
(602, 4, 'CBD', 'CEBADIAR', 950000, '2015-04-14 08:35:46'),
(603, 4, 'HSP BX', 'HON SHIP PAO', 600000, '2015-04-14 08:35:46'),
(604, 4, 'CBD', 'CEBADIAR', 950000, '2015-04-14 08:36:21'),
(605, 4, 'HSP BX', 'HON SHIP PAO', 600000, '2015-04-14 08:36:21'),
(606, 4, 'CBD', 'CEBADIAR', 950000, '2015-04-14 08:42:26'),
(607, 4, 'HSP BX', 'HON SHIP PAO', 600000, '2015-04-14 08:42:26'),
(608, 4, 'CBD', 'CEBADIAR', 950000, '2015-04-14 08:43:01'),
(609, 4, 'HSP BX', 'HON SHIP PAO', 600000, '2015-04-14 08:43:01'),
(610, 4, 'CBD', 'CEBADIAR', 950000, '2015-04-14 08:43:08'),
(611, 4, 'HSP BX', 'HON SHIP PAO', 600000, '2015-04-14 08:43:08'),
(612, 4, 'CBD', 'CEBADIAR', 950000, '2015-04-14 08:43:23'),
(613, 4, 'HSP BX', 'HON SHIP PAO', 600000, '2015-04-14 08:43:23'),
(614, 4, 'CBD', 'CEBADIAR', 950000, '2015-04-14 08:44:35'),
(615, 4, 'HSP BX', 'HON SHIP PAO', 600000, '2015-04-14 08:44:35'),
(616, 4, 'CBD', 'CEBADIAR', 950000, '2015-04-14 08:44:39'),
(617, 4, 'HSP BX', 'HON SHIP PAO', 600000, '2015-04-14 08:44:39'),
(618, 4, 'CBD', 'CEBADIAR', 950000, '2015-04-14 08:44:56'),
(619, 4, 'HSP BX', 'HON SHIP PAO', 600000, '2015-04-14 08:44:56'),
(620, 4, 'CBD', 'CEBADIAR', 950000, '2015-04-14 08:44:57'),
(621, 4, 'HSP BX', 'HON SHIP PAO', 600000, '2015-04-14 08:44:57'),
(622, 4, 'CBD', 'CEBADIAR', 950000, '2015-04-14 08:44:59'),
(623, 4, 'HSP BX', 'HON SHIP PAO', 600000, '2015-04-14 08:44:59'),
(624, 4, 'CBD', 'CEBADIAR', 950000, '2015-04-14 08:45:00'),
(625, 4, 'HSP BX', 'HON SHIP PAO', 600000, '2015-04-14 08:45:00'),
(626, 4, 'CBD', 'CEBADIAR', 950000, '2015-04-14 08:45:08'),
(627, 4, 'HSP BX', 'HON SHIP PAO', 600000, '2015-04-14 08:45:08'),
(628, 4, 'CBD', 'CEBADIAR', 950000, '2015-04-14 08:45:09'),
(629, 4, 'HSP BX', 'HON SHIP PAO', 600000, '2015-04-14 08:45:09'),
(630, 4, 'CBD', 'CEBADIAR', 950000, '2015-04-14 08:45:12'),
(631, 4, 'HSP BX', 'HON SHIP PAO', 600000, '2015-04-14 08:45:12'),
(632, 4, 'CBD', 'CEBADIAR', 950000, '2015-04-14 08:45:13'),
(633, 4, 'HSP BX', 'HON SHIP PAO', 600000, '2015-04-14 08:45:13'),
(634, 4, 'CBD', 'CEBADIAR', 950000, '2015-04-14 08:45:42'),
(635, 4, 'HSP BX', 'HON SHIP PAO', 600000, '2015-04-14 08:45:42'),
(636, 4, 'CBD', 'CEBADIAR', 950000, '2015-04-14 08:46:06'),
(637, 4, 'HSP BX', 'HON SHIP PAO', 600000, '2015-04-14 08:46:06'),
(638, 4, 'CBD', 'CEBADIAR', 950000, '2015-04-14 08:46:32'),
(639, 4, 'HSP BX', 'HON SHIP PAO', 600000, '2015-04-14 08:46:32'),
(640, 4, 'CBD', 'CEBADIAR', 950000, '2015-04-14 08:47:07'),
(641, 4, 'HSP BX', 'HON SHIP PAO', 600000, '2015-04-14 08:47:07'),
(642, 4, 'CBD', 'CEBADIAR', 950000, '2015-04-14 08:47:26'),
(643, 4, 'HSP BX', 'HON SHIP PAO', 600000, '2015-04-14 08:47:26'),
(644, 4, 'CBD', 'CEBADIAR', 950000, '2015-04-14 08:47:36'),
(645, 4, 'HSP BX', 'HON SHIP PAO', 600000, '2015-04-14 08:47:36'),
(646, 4, 'CBD', 'CEBADIAR', 950000, '2015-04-14 08:49:32'),
(647, 4, 'HSP BX', 'HON SHIP PAO', 600000, '2015-04-14 08:49:32'),
(648, 4, 'CBD', 'CEBADIAR', 950000, '2015-04-14 08:49:35'),
(649, 4, 'HSP BX', 'HON SHIP PAO', 600000, '2015-04-14 08:49:35'),
(650, 4, 'CBD', 'CEBADIAR', 950000, '2015-04-14 08:49:36'),
(651, 4, 'HSP BX', 'HON SHIP PAO', 600000, '2015-04-14 08:49:36'),
(652, 4, 'CBD', 'CEBADIAR', 950000, '2015-04-14 08:50:36'),
(653, 4, 'HSP BX', 'HON SHIP PAO', 600000, '2015-04-14 08:50:36'),
(654, 4, 'CBD', 'CEBADIAR', 950000, '2015-04-14 08:51:45'),
(655, 4, 'HSP BX', 'HON SHIP PAO', 600000, '2015-04-14 08:51:45'),
(656, 4, 'CBD', 'CEBADIAR', 950000, '2015-04-14 08:54:08'),
(657, 4, 'HSP BX', 'HON SHIP PAO', 600000, '2015-04-14 08:54:08'),
(658, 4, 'CBD', 'CEBADIAR', 950000, '2015-04-14 08:57:17'),
(659, 4, 'HSP BX', 'HON SHIP PAO', 600000, '2015-04-14 08:57:17'),
(660, 4, 'CBD', 'CEBADIAR', 950000, '2015-04-14 08:57:53'),
(661, 4, 'HSP BX', 'HON SHIP PAO', 600000, '2015-04-14 08:57:53'),
(662, 4, 'CBD', 'CEBADIAR', 950000, '2015-04-14 08:58:19'),
(663, 4, 'HSP BX', 'HON SHIP PAO', 600000, '2015-04-14 08:58:19'),
(664, 4, 'CBD', 'CEBADIAR', 950000, '2015-04-14 08:58:29'),
(665, 4, 'HSP BX', 'HON SHIP PAO', 600000, '2015-04-14 08:58:29'),
(666, 4, 'CBD', 'CEBADIAR', 950000, '2015-04-14 08:59:16'),
(667, 4, 'HSP BX', 'HON SHIP PAO', 600000, '2015-04-14 08:59:16'),
(668, 4, 'CBD', 'CEBADIAR', 950000, '2015-04-14 08:59:52'),
(669, 4, 'HSP BX', 'HON SHIP PAO', 600000, '2015-04-14 08:59:52'),
(670, 4, 'CBD', 'CEBADIAR', 950000, '2015-04-14 09:00:46'),
(671, 4, 'HSP BX', 'HON SHIP PAO', 600000, '2015-04-14 09:00:46'),
(672, 4, 'CBD', 'CEBADIAR', 950000, '2015-04-14 09:01:10'),
(673, 4, 'HSP BX', 'HON SHIP PAO', 600000, '2015-04-14 09:01:10'),
(674, 4, 'CBD', 'CEBADIAR', 950000, '2015-04-14 09:02:00'),
(675, 4, 'HSP BX', 'HON SHIP PAO', 600000, '2015-04-14 09:02:00'),
(676, 4, 'CBD', 'CEBADIAR', 950000, '2015-04-14 09:02:52'),
(677, 4, 'HSP BX', 'HON SHIP PAO', 600000, '2015-04-14 09:02:52'),
(678, 4, 'CBD', 'CEBADIAR', 950000, '2015-04-14 09:03:20'),
(679, 4, 'HSP BX', 'HON SHIP PAO', 600000, '2015-04-14 09:03:20'),
(680, 4, 'CBD', 'CEBADIAR', 950000, '2015-04-14 09:03:33'),
(681, 4, 'HSP BX', 'HON SHIP PAO', 600000, '2015-04-14 09:03:33'),
(682, 4, 'CBD', 'CEBADIAR', 950000, '2015-04-14 09:06:10'),
(683, 4, 'HSP BX', 'HON SHIP PAO', 600000, '2015-04-14 09:06:10'),
(684, 4, 'CBD', 'CEBADIAR', 950000, '2015-04-14 09:06:20'),
(685, 4, 'HSP BX', 'HON SHIP PAO', 600000, '2015-04-14 09:06:20'),
(686, 4, 'CBD', 'CEBADIAR', 950000, '2015-04-14 09:06:55'),
(687, 4, 'HSP BX', 'HON SHIP PAO', 600000, '2015-04-14 09:06:55'),
(688, 4, 'CBD', 'CEBADIAR', 950000, '2015-04-14 09:07:02'),
(689, 4, 'HSP BX', 'HON SHIP PAO', 600000, '2015-04-14 09:07:02'),
(690, 4, 'CBD', 'CEBADIAR', 950000, '2015-04-14 09:07:16'),
(691, 4, 'HSP BX', 'HON SHIP PAO', 600000, '2015-04-14 09:07:16'),
(692, 4, 'CBD', 'CEBADIAR', 950000, '2015-04-14 09:10:22'),
(693, 4, 'HSP BX', 'HON SHIP PAO', 600000, '2015-04-14 09:10:22'),
(694, 4, 'CBD', 'CEBADIAR', 950000, '2015-04-14 09:10:25'),
(695, 4, 'HSP BX', 'HON SHIP PAO', 600000, '2015-04-14 09:10:25'),
(696, 4, 'CBD', 'CEBADIAR', 950000, '2015-04-14 09:10:44'),
(697, 4, 'HSP BX', 'HON SHIP PAO', 600000, '2015-04-14 09:10:44'),
(698, 4, 'CBD', 'CEBADIAR', 950000, '2015-04-14 09:11:13'),
(699, 4, 'HSP BX', 'HON SHIP PAO', 600000, '2015-04-14 09:11:13'),
(700, 4, 'CBD', 'CEBADIAR', 950000, '2015-04-14 09:11:24'),
(701, 4, 'HSP BX', 'HON SHIP PAO', 600000, '2015-04-14 09:11:24'),
(702, 4, 'CBD', 'CEBADIAR', 950000, '2015-04-14 09:11:28'),
(703, 4, 'HSP BX', 'HON SHIP PAO', 600000, '2015-04-14 09:11:28'),
(704, 4, 'CBD', 'CEBADIAR', 950000, '2015-04-14 09:11:37'),
(705, 4, 'HSP BX', 'HON SHIP PAO', 600000, '2015-04-14 09:11:37'),
(706, 4, 'CBD', 'CEBADIAR', 950000, '2015-04-14 09:13:46'),
(707, 4, 'HSP BX', 'HON SHIP PAO', 600000, '2015-04-14 09:13:46'),
(708, 4, 'CBD', 'CEBADIAR', 950000, '2015-04-14 09:14:33'),
(709, 4, 'HSP BX', 'HON SHIP PAO', 600000, '2015-04-14 09:14:33'),
(710, 4, 'CBD', 'CEBADIAR', 950000, '2015-04-14 09:15:19'),
(711, 4, 'HSP BX', 'HON SHIP PAO', 600000, '2015-04-14 09:15:19'),
(712, 4, 'CBD', 'CEBADIAR', 950000, '2015-04-14 09:17:02'),
(713, 4, 'HSP BX', 'HON SHIP PAO', 600000, '2015-04-14 09:17:02'),
(714, 4, 'CBD', 'CEBADIAR', 950000, '2015-04-14 09:17:14'),
(715, 4, 'HSP BX', 'HON SHIP PAO', 600000, '2015-04-14 09:17:14'),
(716, 4, 'CBD', 'CEBADIAR', 950000, '2015-04-14 09:17:23'),
(717, 4, 'HSP BX', 'HON SHIP PAO', 600000, '2015-04-14 09:17:23'),
(718, 4, 'CBD', 'CEBADIAR', 950000, '2015-04-14 09:17:43'),
(719, 4, 'HSP BX', 'HON SHIP PAO', 600000, '2015-04-14 09:17:43'),
(720, 4, 'CBD', 'CEBADIAR', 950000, '2015-04-14 09:18:05'),
(721, 4, 'HSP BX', 'HON SHIP PAO', 600000, '2015-04-14 09:18:05'),
(722, 4, 'CBD', 'CEBADIAR', 950000, '2015-04-14 09:18:48'),
(723, 4, 'HSP BX', 'HON SHIP PAO', 600000, '2015-04-14 09:18:48'),
(724, 4, 'CBD', 'CEBADIAR', 950000, '2015-04-14 09:18:58'),
(725, 4, 'HSP BX', 'HON SHIP PAO', 600000, '2015-04-14 09:18:58'),
(726, 4, 'CBD', 'CEBADIAR', 950000, '2015-04-14 09:19:12'),
(727, 4, 'HSP BX', 'HON SHIP PAO', 600000, '2015-04-14 09:19:12'),
(728, 4, 'CBD', 'CEBADIAR', 950000, '2015-04-14 09:20:17'),
(729, 4, 'HSP BX', 'HON SHIP PAO', 600000, '2015-04-14 09:20:17'),
(730, 4, 'CBD', 'CEBADIAR', 950000, '2015-04-14 09:20:37'),
(731, 4, 'HSP BX', 'HON SHIP PAO', 1200000, '2015-04-14 09:20:37'),
(732, 4, 'CBD', 'CEBADIAR', 950000, '2015-04-14 09:21:14'),
(733, 4, 'HSP BX', 'HON SHIP PAO', 1200000, '2015-04-14 09:21:14'),
(734, 4, 'CBD', 'CEBADIAR', 950000, '2015-04-14 09:22:37'),
(735, 4, 'HSP BX', 'HON SHIP PAO', 1200000, '2015-04-14 09:22:37'),
(736, 4, 'CBD', 'CEBADIAR', 950000, '2015-04-14 09:22:59'),
(737, 4, 'HSP BX', 'HON SHIP PAO', 1200000, '2015-04-14 09:22:59'),
(738, 4, 'CBD', 'CEBADIAR', 950000, '2015-04-14 09:23:27'),
(739, 4, 'HSP BX', 'HON SHIP PAO', 1200000, '2015-04-14 09:23:27'),
(740, 4, 'CBD', 'CEBADIAR', 950000, '2015-04-14 09:23:45'),
(741, 4, 'HSP BX', 'HON SHIP PAO', 1200000, '2015-04-14 09:23:45'),
(742, 4, 'CBD', 'CEBADIAR', 950000, '2015-04-14 09:23:54'),
(743, 4, 'HSP BX', 'HON SHIP PAO', 1200000, '2015-04-14 09:23:54'),
(744, 4, 'CBD', 'CEBADIAR', 950000, '2015-04-14 09:24:08');
INSERT INTO `history_harga` (`no`, `id_pelanggan`, `kode_barang`, `barang`, `harga_barang`, `tanggal`) VALUES
(745, 4, 'HSP BX', 'HON SHIP PAO', 1200000, '2015-04-14 09:24:08'),
(746, 4, 'CBD', 'CEBADIAR', 950000, '2015-04-14 09:24:16'),
(747, 4, 'HSP BX', 'HON SHIP PAO', 1200000, '2015-04-14 09:24:16'),
(748, 4, 'CBD', 'CEBADIAR', 950000, '2015-04-14 09:25:46'),
(749, 4, 'HSP BX', 'HON SHIP PAO', 1200000, '2015-04-14 09:25:46'),
(750, 4, 'CBD', 'CEBADIAR', 950000, '2015-04-14 09:28:52'),
(751, 4, 'HSP BX', 'HON SHIP PAO', 1200000, '2015-04-14 09:28:52'),
(752, 4, 'CBD', 'CEBADIAR', 950000, '2015-04-14 09:29:01'),
(753, 4, 'HSP BX', 'HON SHIP PAO', 1200000, '2015-04-14 09:29:01'),
(754, 4, 'CBD', 'CEBADIAR', 950000, '2015-04-14 09:29:24'),
(755, 4, 'HSP BX', 'HON SHIP PAO', 1200000, '2015-04-14 09:29:24'),
(756, 4, 'CBD', 'CEBADIAR', 950000, '2015-04-14 09:29:44'),
(757, 4, 'HSP BX', 'HON SHIP PAO', 1200000, '2015-04-14 09:29:44'),
(758, 4, 'CBD', 'CEBADIAR', 950000, '2015-04-14 09:30:08'),
(759, 4, 'HSP BX', 'HON SHIP PAO', 1200000, '2015-04-14 09:30:08'),
(760, 4, 'CBD', 'CEBADIAR', 950000, '2015-04-14 09:31:08'),
(761, 4, 'HSP BX', 'HON SHIP PAO', 1200000, '2015-04-14 09:31:08'),
(762, 4, 'CBD', 'CEBADIAR', 950000, '2015-04-14 09:31:14'),
(763, 4, 'HSP BX', 'HON SHIP PAO', 1200000, '2015-04-14 09:31:14'),
(764, 4, 'CBD', 'CEBADIAR', 950000, '2015-04-14 09:32:21'),
(765, 4, 'HSP BX', 'HON SHIP PAO', 1200000, '2015-04-14 09:32:21'),
(766, 4, 'CBD', 'CEBADIAR', 950000, '2015-04-14 09:32:38'),
(767, 4, 'HSP BX', 'HON SHIP PAO', 1200000, '2015-04-14 09:32:38'),
(768, 4, 'CBD', 'CEBADIAR', 950000, '2015-04-14 09:33:19'),
(769, 4, 'HSP BX', 'HON SHIP PAO', 1200000, '2015-04-14 09:33:19'),
(770, 4, 'CBD', 'CEBADIAR', 950000, '2015-04-14 09:33:33'),
(771, 4, 'HSP BX', 'HON SHIP PAO', 1200000, '2015-04-14 09:33:33'),
(772, 4, 'CBD', 'CEBADIAR', 950000, '2015-04-14 09:33:55'),
(773, 4, 'HSP BX', 'HON SHIP PAO', 1200000, '2015-04-14 09:33:55'),
(774, 4, 'CBD', 'CEBADIAR', 950000, '2015-04-14 09:34:40'),
(775, 4, 'HSP BX', 'HON SHIP PAO', 1200000, '2015-04-14 09:34:40'),
(776, 4, 'CBD', 'CEBADIAR', 950000, '2015-04-14 09:35:11'),
(777, 4, 'HSP BX', 'HON SHIP PAO', 1200000, '2015-04-14 09:35:11'),
(778, 4, 'CBD', 'CEBADIAR', 950000, '2015-04-14 09:35:21'),
(779, 4, 'HSP BX', 'HON SHIP PAO', 1200000, '2015-04-14 09:35:21'),
(780, 4, 'CBD', 'CEBADIAR', 950000, '2015-04-14 09:36:33'),
(781, 4, 'HSP BX', 'HON SHIP PAO', 1200000, '2015-04-14 09:36:33'),
(782, 4, 'CBD', 'CEBADIAR', 950000, '2015-04-14 09:36:35'),
(783, 4, 'HSP BX', 'HON SHIP PAO', 1200000, '2015-04-14 09:36:35'),
(784, 4, 'CBD', 'CEBADIAR', 950000, '2015-04-14 09:38:11'),
(785, 4, 'HSP BX', 'HON SHIP PAO', 1200000, '2015-04-14 09:38:11'),
(786, 4, 'CBD', 'CEBADIAR', 950000, '2015-04-14 09:43:05'),
(787, 4, 'HSP BX', 'HON SHIP PAO', 1200000, '2015-04-14 09:43:05'),
(788, 4, 'CBD', 'CEBADIAR', 950000, '2015-04-14 09:44:04'),
(789, 4, 'HSP BX', 'HON SHIP PAO', 1200000, '2015-04-14 09:44:04'),
(790, 4, 'CBD', 'CEBADIAR', 950000, '2015-04-14 09:44:32'),
(791, 4, 'HSP BX', 'HON SHIP PAO', 1200000, '2015-04-14 09:44:32'),
(792, 4, 'CBD', 'CEBADIAR', 950000, '2015-04-14 09:46:09'),
(793, 4, 'HSP BX', 'HON SHIP PAO', 1200000, '2015-04-14 09:46:09'),
(794, 4, 'CBD', 'CEBADIAR', 950000, '2015-04-14 09:46:52'),
(795, 4, 'HSP BX', 'HON SHIP PAO', 1200000, '2015-04-14 09:46:52'),
(796, 4, 'CBD', 'CEBADIAR', 950000, '2015-04-14 09:47:08'),
(797, 4, 'HSP BX', 'HON SHIP PAO', 1200000, '2015-04-14 09:47:08'),
(798, 4, 'CBD', 'CEBADIAR', 950000, '2015-04-14 09:47:43'),
(799, 4, 'HSP BX', 'HON SHIP PAO', 1200000, '2015-04-14 09:47:43'),
(800, 4, 'CBD', 'CEBADIAR', 950000, '2015-04-14 09:48:24'),
(801, 4, 'HSP BX', 'HON SHIP PAO', 1200000, '2015-04-14 09:48:24'),
(802, 4, 'CBD', 'CEBADIAR', 950000, '2015-04-14 09:49:03'),
(803, 4, 'HSP BX', 'HON SHIP PAO', 1200000, '2015-04-14 09:49:03'),
(804, 4, 'CBD', 'CEBADIAR', 950000, '2015-04-14 09:49:47'),
(805, 4, 'HSP BX', 'HON SHIP PAO', 1200000, '2015-04-14 09:49:47'),
(806, 4, 'CBD', 'CEBADIAR', 950000, '2015-04-14 09:50:07'),
(807, 4, 'HSP BX', 'HON SHIP PAO', 1200000, '2015-04-14 09:50:07'),
(808, 4, 'CBD', 'CEBADIAR', 950000, '2015-04-14 09:51:34'),
(809, 4, 'HSP BX', 'HON SHIP PAO', 1200000, '2015-04-14 09:51:34'),
(810, 4, 'CBD', 'CEBADIAR', 950000, '2015-04-14 09:51:43'),
(811, 4, 'HSP BX', 'HON SHIP PAO', 1200000, '2015-04-14 09:51:43'),
(812, 4, 'CBD', 'CEBADIAR', 950000, '2015-04-14 09:52:18'),
(813, 4, 'HSP BX', 'HON SHIP PAO', 1200000, '2015-04-14 09:52:18'),
(814, 4, 'CBD', 'CEBADIAR', 950000, '2015-04-14 09:52:29'),
(815, 4, 'HSP BX', 'HON SHIP PAO', 1200000, '2015-04-14 09:52:29'),
(816, 4, 'CBD', 'CEBADIAR', 950000, '2015-04-14 09:52:47'),
(817, 4, 'HSP BX', 'HON SHIP PAO', 1200000, '2015-04-14 09:52:47'),
(818, 4, 'CBD', 'CEBADIAR', 950000, '2015-04-14 09:52:57'),
(819, 4, 'HSP BX', 'HON SHIP PAO', 1200000, '2015-04-14 09:52:57'),
(820, 4, 'CBD', 'CEBADIAR', 950000, '2015-04-14 09:53:14'),
(821, 4, 'HSP BX', 'HON SHIP PAO', 1200000, '2015-04-14 09:53:14'),
(822, 4, 'CBD', 'CEBADIAR', 950000, '2015-04-14 09:53:27'),
(823, 4, 'HSP BX', 'HON SHIP PAO', 1200000, '2015-04-14 09:53:27'),
(824, 4, 'CBD', 'CEBADIAR', 950000, '2015-04-14 09:53:31'),
(825, 4, 'HSP BX', 'HON SHIP PAO', 1200000, '2015-04-14 09:53:31'),
(826, 4, 'CBD', 'CEBADIAR', 950000, '2015-04-14 09:55:01'),
(827, 4, 'HSP BX', 'HON SHIP PAO', 1200000, '2015-04-14 09:55:01'),
(828, 4, 'CBD', 'CEBADIAR', 950000, '2015-04-14 09:55:47'),
(829, 4, 'HSP BX', 'HON SHIP PAO', 1200000, '2015-04-14 09:55:47'),
(830, 4, 'CBD', 'CEBADIAR', 950000, '2015-04-14 09:55:57'),
(831, 4, 'HSP BX', 'HON SHIP PAO', 1200000, '2015-04-14 09:55:57'),
(832, 4, 'CBD', 'CEBADIAR', 950000, '2015-04-14 09:57:25'),
(833, 4, 'HSP BX', 'HON SHIP PAO', 1200000, '2015-04-14 09:57:25'),
(834, 4, 'CBD', 'CEBADIAR', 950000, '2015-04-14 09:57:41'),
(835, 4, 'HSP BX', 'HON SHIP PAO', 1200000, '2015-04-14 09:57:41'),
(836, 4, 'CBD', 'CEBADIAR', 950000, '2015-04-14 09:59:46'),
(837, 4, 'HSP BX', 'HON SHIP PAO', 1200000, '2015-04-14 09:59:46'),
(838, 4, 'CBD', 'CEBADIAR', 950000, '2015-04-14 10:00:26'),
(839, 4, 'HSP BX', 'HON SHIP PAO', 1200000, '2015-04-14 10:00:26'),
(840, 4, 'CBD', 'CEBADIAR', 950000, '2015-04-14 10:01:03'),
(841, 4, 'HSP BX', 'HON SHIP PAO', 1200000, '2015-04-14 10:01:03'),
(842, 4, 'CBD', 'CEBADIAR', 950000, '2015-04-14 10:02:34'),
(843, 4, 'HSP BX', 'HON SHIP PAO', 1200000, '2015-04-14 10:02:34'),
(844, 4, 'CBD', 'CEBADIAR', 950000, '2015-04-14 10:03:55'),
(845, 4, 'HSP BX', 'HON SHIP PAO', 1200000, '2015-04-14 10:03:55'),
(846, 4, 'CBD', 'CEBADIAR', 950000, '2015-04-14 10:04:25'),
(847, 4, 'HSP BX', 'HON SHIP PAO', 1200000, '2015-04-14 10:04:25'),
(848, 4, 'CBD', 'CEBADIAR', 950000, '2015-04-14 10:04:47'),
(849, 4, 'HSP BX', 'HON SHIP PAO', 1200000, '2015-04-14 10:04:47'),
(850, 4, 'CBD', 'CEBADIAR', 950000, '2015-04-14 10:06:21'),
(851, 4, 'HSP BX', 'HON SHIP PAO', 1200000, '2015-04-14 10:06:21'),
(852, 4, 'CBD', 'CEBADIAR', 950000, '2015-04-14 10:06:40'),
(853, 4, 'HSP BX', 'HON SHIP PAO', 1200000, '2015-04-14 10:06:40'),
(854, 4, 'CBD', 'CEBADIAR', 950000, '2015-04-14 10:07:36'),
(855, 4, 'HSP BX', 'HON SHIP PAO', 1200000, '2015-04-14 10:07:36'),
(856, 4, 'CBD', 'CEBADIAR', 950000, '2015-04-14 10:07:50'),
(857, 4, 'HSP BX', 'HON SHIP PAO', 1200000, '2015-04-14 10:07:50'),
(858, 4, 'CBD', 'CEBADIAR', 950000, '2015-04-14 10:08:35'),
(859, 4, 'HSP BX', 'HON SHIP PAO', 600000, '2015-04-14 10:08:35'),
(860, 4, 'CBD', 'CEBADIAR', 380000, '2015-04-14 10:08:41'),
(861, 4, 'CBD', 'CEBADIAR', 950000, '2015-04-14 10:25:46'),
(862, 4, 'HSP BX', 'HON SHIP PAO', 1200000, '2015-04-14 10:25:46'),
(863, 4, 'CBD', 'CEBADIAR', 950000, '2015-04-14 10:26:40'),
(864, 4, 'HSP BX', 'HON SHIP PAO', 1200000, '2015-04-14 10:26:40'),
(865, 4, 'CBD', 'CEBADIAR', 950000, '2015-04-14 10:27:09'),
(866, 4, 'HSP BX', 'HON SHIP PAO', 1200000, '2015-04-14 10:27:09'),
(867, 4, 'CBD', 'CEBADIAR', 950000, '2015-04-14 10:33:02'),
(868, 4, 'HSP BX', 'HON SHIP PAO', 1200000, '2015-04-14 10:33:02'),
(869, 4, 'CBD', 'CEBADIAR', 10000, '2015-04-14 10:46:00'),
(870, 4, 'HSP BX', 'HON SHIP PAO', 40000, '2015-04-14 10:46:00'),
(871, 4, 'CBD', 'CEBADIAR', 10000, '2015-04-14 10:46:26'),
(872, 4, 'HSP BX', 'HON SHIP PAO', 40000, '2015-04-14 10:46:26'),
(873, 4, 'CBD', 'CEBADIAR', 10000, '2015-04-14 10:47:01'),
(874, 4, 'HSP BX', 'HON SHIP PAO', 40000, '2015-04-14 10:47:01'),
(875, 4, 'CBD', 'CEBADIAR', 380000, '2015-04-14 10:47:58'),
(876, 4, 'CBD', 'CEBADIAR', 380000, '2015-04-14 10:48:33'),
(877, 4, 'CBD', 'CEBADIAR', 4000, '2015-04-14 10:49:20'),
(878, 4, 'CBD', 'CEBADIAR', 4000, '2015-04-14 10:49:25'),
(879, 4, 'CBD', 'CEBADIAR', 4000, '2015-04-14 10:50:08'),
(880, 5, 'CBD', 'CEBADIAR', 1900000, '2015-04-14 10:50:47'),
(881, 5, 'CBD', 'CEBADIAR', 1900000, '2015-04-14 10:51:42'),
(882, 5, 'CBD', 'CEBADIAR', 1900000, '2015-04-14 10:52:04'),
(883, 5, 'CBD', 'CEBADIAR', 1800000, '2015-04-14 10:52:27'),
(884, 5, 'CBD', 'CEBADIAR', 1800000, '2015-04-14 12:39:06'),
(885, 5, 'CBD', 'CEBADIAR', 1800000, '2015-04-14 12:39:31'),
(886, 5, 'CBD', 'CEBADIAR', 1800000, '2015-04-14 12:39:53'),
(887, 5, 'CBD', 'CEBADIAR', 1800000, '2015-04-14 12:40:36'),
(888, 5, 'CBD', 'CEBADIAR', 1800000, '2015-04-14 12:41:03'),
(889, 5, 'CBD', 'CEBADIAR', 1800000, '2015-04-14 12:41:38'),
(890, 5, 'CBD', 'CEBADIAR', 1800000, '2015-04-14 12:41:47'),
(891, 5, 'CBD', 'CEBADIAR', 1800000, '2015-04-14 12:41:52'),
(892, 5, 'CBD', 'CEBADIAR', 1800000, '2015-04-14 14:01:15'),
(893, 5, 'CBD', 'CEBADIAR', 1800000, '2015-04-14 14:43:29'),
(894, 5, 'CBD', 'CEBADIAR', 1800000, '2015-04-14 14:45:20'),
(895, 4, 'CBD', 'CEBADIAR', 10000, '2015-04-14 14:45:25'),
(896, 4, 'HSP BX', 'HON SHIP PAO', 40000, '2015-04-14 14:45:25'),
(897, 4, 'CBD', 'CEBADIAR', 10000, '2015-04-14 14:45:29'),
(898, 4, 'HSP BX', 'HON SHIP PAO', 40000, '2015-04-14 14:45:29'),
(899, 5, 'CBD', 'CEBADIAR', 1800000, '2015-04-14 14:45:34'),
(900, 5, 'CBD', 'CEBADIAR', 1800000, '2015-04-14 14:45:42'),
(901, 5, 'CBD', 'CEBADIAR', 1800000, '2015-04-14 14:45:49'),
(902, 5, 'CBD', 'CEBADIAR', 1800000, '2015-04-14 14:46:00'),
(903, 5, 'CBD', 'CEBADIAR', 1800000, '2015-04-14 14:46:03'),
(904, 5, 'CBD', 'CEBADIAR', 1800000, '2015-04-14 14:46:28'),
(905, 5, 'CBD', 'CEBADIAR', 1800000, '2015-04-14 14:48:08'),
(906, 5, 'CBD', 'CEBADIAR', 1800000, '2015-04-14 14:54:39'),
(907, 5, 'CBD', 'CEBADIAR', 1800000, '2015-04-14 14:57:48'),
(908, 5, 'CBD', 'CEBADIAR', 1800000, '2015-04-14 14:58:02'),
(909, 5, 'CBD', 'CEBADIAR', 1800000, '2015-04-14 15:03:51'),
(910, 5, 'CBD', 'CEBADIAR', 1800000, '2015-04-14 15:04:22'),
(911, 5, 'CBD', 'CEBADIAR', 1800000, '2015-04-14 15:05:05'),
(912, 5, 'CBD', 'CEBADIAR', 1800000, '2015-04-14 15:05:22'),
(913, 5, 'CBD', 'CEBADIAR', 1800000, '2015-04-14 15:06:02'),
(914, 5, 'CBD', 'CEBADIAR', 1800000, '2015-04-14 15:06:52'),
(915, 5, 'CBD', 'CEBADIAR', 1800000, '2015-04-14 15:07:18'),
(916, 5, 'CBD', 'CEBADIAR', 1800000, '2015-04-14 15:07:27'),
(917, 5, 'CBD', 'CEBADIAR', 1800000, '2015-04-14 15:07:49'),
(918, 5, 'CBD', 'CEBADIAR', 1800000, '2015-04-14 15:16:53'),
(919, 5, 'CBD', 'CEBADIAR', 1800000, '2015-04-14 15:16:57'),
(920, 5, 'CBD', 'CEBADIAR', 1800000, '2015-04-14 15:17:12'),
(921, 5, 'CBD', 'CEBADIAR', 1800000, '2015-04-14 15:17:16'),
(922, 5, 'CBD', 'CEBADIAR', 1800000, '2015-04-14 15:19:46'),
(923, 5, 'CBD', 'CEBADIAR', 1800000, '2015-04-14 15:19:52'),
(924, 5, 'CBD', 'CEBADIAR', 1800000, '2015-04-14 15:19:57'),
(925, 5, 'CBD', 'CEBADIAR', 1800000, '2015-04-14 15:20:08'),
(926, 5, 'CBD', 'CEBADIAR', 1800000, '2015-04-14 15:20:29'),
(927, 5, 'CBD', 'CEBADIAR', 1800000, '2015-04-14 15:20:54'),
(928, 5, 'CBD', 'CEBADIAR', 1800000, '2015-04-14 15:20:55'),
(929, 5, 'CBD', 'CEBADIAR', 1800000, '2015-04-14 15:22:14'),
(930, 4, 'CBD', 'CEBADIAR', 10000, '2015-04-14 15:24:30'),
(931, 4, 'HSP BX', 'HON SHIP PAO', 40000, '2015-04-14 15:24:30'),
(932, 4, 'CBD', 'CEBADIAR', 10000, '2015-04-14 15:24:34'),
(933, 4, 'HSP BX', 'HON SHIP PAO', 40000, '2015-04-14 15:24:34'),
(934, 4, 'CBD', 'CEBADIAR', 10000, '2015-04-14 15:24:42'),
(935, 4, 'HSP BX', 'HON SHIP PAO', 40000, '2015-04-14 15:24:42'),
(936, 4, 'CBD', 'CEBADIAR', 10000, '2015-04-14 16:18:58'),
(937, 4, 'HSP BX', 'HON SHIP PAO', 40000, '2015-04-14 16:18:58'),
(938, 4, 'CBD', 'CEBADIAR', 10000, '2015-04-14 16:20:53'),
(939, 4, 'HSP BX', 'HON SHIP PAO', 40000, '2015-04-14 16:20:53'),
(940, 4, 'CBD', 'CEBADIAR', 10000, '2015-04-14 16:21:08'),
(941, 4, 'HSP BX', 'HON SHIP PAO', 40000, '2015-04-14 16:21:08'),
(942, 4, 'CBD', 'CEBADIAR', 10000, '2015-04-14 16:21:13'),
(943, 4, 'HSP BX', 'HON SHIP PAO', 40000, '2015-04-14 16:21:13'),
(944, 4, 'CBD', 'CEBADIAR', 20000, '2015-04-14 16:21:41'),
(945, 4, 'HSP BX', 'HON SHIP PAO', 40000, '2015-04-14 16:21:41'),
(946, 4, 'CBD', 'CEBADIAR', 20000, '2015-04-14 16:22:11'),
(947, 4, 'HSP BX', 'HON SHIP PAO', 40000, '2015-04-14 16:22:11'),
(948, 4, 'CBD', 'CEBADIAR', 20000, '2015-04-14 16:23:26'),
(949, 4, 'HSP BX', 'HON SHIP PAO', 40000, '2015-04-14 16:23:26'),
(950, 4, 'CBD', 'CEBADIAR', 20000, '2015-04-14 16:25:25'),
(951, 4, 'HSP BX', 'HON SHIP PAO', 40000, '2015-04-14 16:25:25'),
(952, 4, 'CBD', 'CEBADIAR', 20000, '2015-04-14 16:48:08'),
(953, 4, 'HSP BX', 'HON SHIP PAO', 40000, '2015-04-14 16:48:08'),
(954, 4, 'CBD', 'CEBADIAR', 20000, '2015-04-14 16:48:38'),
(955, 4, 'HSP BX', 'HON SHIP PAO', 40000, '2015-04-14 16:48:38'),
(956, 4, 'CBD', 'CEBADIAR', 20000, '2015-04-14 16:48:42'),
(957, 4, 'HSP BX', 'HON SHIP PAO', 40000, '2015-04-14 16:48:42'),
(958, 4, 'CBD', 'CEBADIAR', 20000, '2015-04-14 16:49:15'),
(959, 4, 'HSP BX', 'HON SHIP PAO', 40000, '2015-04-14 16:49:15'),
(960, 4, 'CBD', 'CEBADIAR', 20000, '2015-04-14 16:50:12'),
(961, 4, 'HSP BX', 'HON SHIP PAO', 40000, '2015-04-14 16:50:12'),
(962, 4, 'CBD', 'CEBADIAR', 20000, '2015-04-14 16:50:15'),
(963, 4, 'HSP BX', 'HON SHIP PAO', 40000, '2015-04-14 16:50:15'),
(964, 4, 'CBD', 'CEBADIAR', 20000, '2015-04-14 16:50:27'),
(965, 4, 'HSP BX', 'HON SHIP PAO', 40000, '2015-04-14 16:50:27'),
(966, 4, 'CBD', 'CEBADIAR', 20000, '2015-04-14 16:51:03'),
(967, 4, 'HSP BX', 'HON SHIP PAO', 40000, '2015-04-14 16:51:03'),
(968, 4, 'CBD', 'CEBADIAR', 20000, '2015-04-14 16:53:01'),
(969, 4, 'HSP BX', 'HON SHIP PAO', 40000, '2015-04-14 16:53:01'),
(970, 4, 'CBD', 'CEBADIAR', 20000, '2015-04-14 16:53:31'),
(971, 4, 'HSP BX', 'HON SHIP PAO', 40000, '2015-04-14 16:53:31'),
(972, 0, 'CBD', 'CEBADIAR', 20000, '2015-04-14 16:55:45'),
(973, 0, 'HSP BX', 'HON SHIP PAO', 40000, '2015-04-14 16:55:45'),
(974, 0, 'CBD', 'CEBADIAR', 20000, '2015-04-14 16:59:04'),
(975, 0, 'HSP BX', 'HON SHIP PAO', 40000, '2015-04-14 16:59:04'),
(976, 0, 'CBD', 'CEBADIAR', 20000, '2015-04-14 17:00:05'),
(977, 0, 'HSP BX', 'HON SHIP PAO', 40000, '2015-04-14 17:00:05'),
(978, 0, 'CBD', 'CEBADIAR', 20000, '2015-04-14 17:00:07'),
(979, 0, 'HSP BX', 'HON SHIP PAO', 40000, '2015-04-14 17:00:07'),
(980, 0, 'CBD', 'CEBADIAR', 1800000, '2015-04-14 17:02:23'),
(981, 0, 'CBD', 'CEBADIAR', 20000, '2015-04-14 17:02:35'),
(982, 0, 'HSP BX', 'HON SHIP PAO', 40000, '2015-04-14 17:02:35'),
(983, 0, 'CBD', 'CEBADIAR', 20000, '2015-04-14 17:02:41'),
(984, 0, 'HSP BX', 'HON SHIP PAO', 40000, '2015-04-14 17:02:41'),
(985, 0, 'CBD', 'CEBADIAR', 20000, '2015-04-14 17:02:59'),
(986, 0, 'HSP BX', 'HON SHIP PAO', 40000, '2015-04-14 17:02:59'),
(987, 0, 'CBD', 'CEBADIAR', 20000, '2015-04-14 17:03:00'),
(988, 0, 'HSP BX', 'HON SHIP PAO', 40000, '2015-04-14 17:03:00'),
(989, 0, 'CBD', 'CEBADIAR', 20000, '2015-04-14 17:03:04'),
(990, 0, 'HSP BX', 'HON SHIP PAO', 40000, '2015-04-14 17:03:04'),
(991, 4, 'CBD', 'CEBADIAR', 20000, '2015-04-14 17:06:33'),
(992, 4, 'HSP BX', 'HON SHIP PAO', 40000, '2015-04-14 17:06:33'),
(993, 4, 'CBD', 'CEBADIAR', 20000, '2015-04-14 17:06:35'),
(994, 4, 'HSP BX', 'HON SHIP PAO', 40000, '2015-04-14 17:06:35'),
(995, 4, 'CBD', 'CEBADIAR', 20000, '2015-04-14 17:06:39'),
(996, 4, 'HSP BX', 'HON SHIP PAO', 40000, '2015-04-14 17:06:39'),
(997, 4, 'CBD', 'CEBADIAR', 20000, '2015-04-14 17:06:43'),
(998, 4, 'HSP BX', 'HON SHIP PAO', 40000, '2015-04-14 17:06:43'),
(999, 4, 'CBD', 'CEBADIAR', 20000, '2015-04-14 17:07:16'),
(1000, 4, 'HSP BX', 'HON SHIP PAO', 40000, '2015-04-14 17:07:16'),
(1001, 4, 'CBD', 'CEBADIAR', 950000, '2015-04-14 17:09:29'),
(1002, 4, 'HSP BX', 'HON SHIP PAO', 1200000, '2015-04-14 17:09:29'),
(1003, 4, 'CBD', 'CEBADIAR', 10000, '2015-04-14 17:09:54'),
(1004, 4, 'HSP BX', 'HON SHIP PAO', 40000, '2015-04-14 17:09:54'),
(1005, 4, 'CBD', 'CEBADIAR', 10000, '2015-04-14 17:10:26'),
(1006, 4, 'HSP BX', 'HON SHIP PAO', 80000, '2015-04-14 17:10:26');

-- --------------------------------------------------------

--
-- Stand-in structure for view `invoice`
--
CREATE TABLE IF NOT EXISTS `invoice` (
`id_transaksi` int(20)
,`no_invoice` varchar(100)
,`tipe_transaksi` enum('penjualan','pembelian')
,`tanggal_transaksi` timestamp
,`id_pelanggan` int(11)
,`id_supplier` int(20)
);

-- --------------------------------------------------------

--
-- Table structure for table `pelanggan`
--

CREATE TABLE IF NOT EXISTS `pelanggan` (
  `id_pelanggan` int(8) NOT NULL,
  `nama_pelanggan` varchar(50) DEFAULT NULL,
  `alamat` text,
  `telepon` varchar(15) DEFAULT NULL
) ENGINE=InnoDB AUTO_INCREMENT=13 DEFAULT CHARSET=latin1;

--
-- Dumping data for table `pelanggan`
--

INSERT INTO `pelanggan` (`id_pelanggan`, `nama_pelanggan`, `alamat`, `telepon`) VALUES
(4, 'T.O SEHAT MANDIRI (MARBUN)', 'Komplek Permata Indah Blok I No.18\r\nARENGKA\r\nPEKANBARU - RIAU\r\n', ''),
(5, 'J.J.K - SAMARINDA', 'VIA EXP SAMA INDAH\r\nJL.KREMBANG BARAT MO.49,SURABYA', ''),
(6, 'T.O PANDU', 'JL.PANDU NO.77\r\nMEDAN', ''),
(7, 'IRVAN', 'JL.PESAPEN KALI NO.40A\r\nSURABAYA', ''),
(8, 'PT.WARNA JAYA (SANDR', 'JL.KENJERAN NO.557\r\nSURABAYA', ''),
(9, 'MEGA SAKTI', '', ''),
(10, 'MULTI JAYA (ASANG)', '', ''),
(11, 'MESTIKA SAKTI', '', ''),
(12, 'ACIN 85', 'PEKOJAN\r\n\r\n\r\n\r\n\r\n\r\n\r\n\r\n\r\n\r\n\r\n\r\n\r\n\r\n\r\n\r\n\r\n\r\n\r\n\r\n\r\n\r\n\r\n\r\n\r\n\r\n\r\n\r\n\r\n\r\n\r\n\r\n\r\n\r\n', '');

-- --------------------------------------------------------

--
-- Table structure for table `pengguna`
--

CREATE TABLE IF NOT EXISTS `pengguna` (
  `kode_pengguna` varchar(8) NOT NULL,
  `nama_pengguna` varchar(20) DEFAULT NULL,
  `kata_kunci` varchar(20) DEFAULT NULL
) ENGINE=InnoDB DEFAULT CHARSET=latin1;

--
-- Dumping data for table `pengguna`
--

INSERT INTO `pengguna` (`kode_pengguna`, `nama_pengguna`, `kata_kunci`) VALUES
('', '', ''),
('admin', 'admin1', 'admin'),
('heni', 'rahmahwati', '2010140286'),
('owner', 'owner', 'owner');

-- --------------------------------------------------------

--
-- Table structure for table `supplier`
--

CREATE TABLE IF NOT EXISTS `supplier` (
  `id_supplier` int(8) NOT NULL,
  `nama_supplier` varchar(50) DEFAULT NULL,
  `nama_perusahaan` varchar(20) DEFAULT NULL,
  `telepon` varchar(15) DEFAULT NULL,
  `alamat` text
) ENGINE=InnoDB AUTO_INCREMENT=3 DEFAULT CHARSET=latin1;

--
-- Dumping data for table `supplier`
--

INSERT INTO `supplier` (`id_supplier`, `nama_supplier`, `nama_perusahaan`, `telepon`, `alamat`) VALUES
(1, 'Tuan Robi', 'PT ASTRA NIPPON NHK ', '021738839920', 'Jl. Maligi III Lot N-1 Kawasan KIIC, Karawang 41361 Indonesia'),
(2, 'hadi', 'pt apa', '89809809', 'jakarta');

-- --------------------------------------------------------

--
-- Stand-in structure for view `surat_jalan`
--
CREATE TABLE IF NOT EXISTS `surat_jalan` (
`id_transaksi` int(20)
,`no_invoice` varchar(100)
,`tipe_transaksi` enum('penjualan','pembelian')
,`tanggal_transaksi` timestamp
,`id_pelanggan` int(11)
,`id_supplier` int(20)
);

-- --------------------------------------------------------

--
-- Table structure for table `tipe_barang`
--

CREATE TABLE IF NOT EXISTS `tipe_barang` (
  `id_tipe_barang` int(8) NOT NULL,
  `nama_tipe_barang` varchar(20) DEFAULT NULL
) ENGINE=InnoDB AUTO_INCREMENT=13 DEFAULT CHARSET=latin1;

--
-- Dumping data for table `tipe_barang`
--

INSERT INTO `tipe_barang` (`id_tipe_barang`, `nama_tipe_barang`) VALUES
(10, 'Box'),
(11, 'LUSIN'),
(12, 'KALENG');

-- --------------------------------------------------------

--
-- Table structure for table `transaksi`
--

CREATE TABLE IF NOT EXISTS `transaksi` (
  `id_transaksi` int(20) NOT NULL,
  `no_invoice` varchar(100) DEFAULT NULL,
  `kode_barang` varchar(10) NOT NULL,
  `tipe_transaksi` enum('penjualan','pembelian') DEFAULT NULL,
  `id_pelanggan` int(11) NOT NULL,
  `tanggal_transaksi` timestamp NULL DEFAULT CURRENT_TIMESTAMP,
  `jatuh_tempo` date NOT NULL,
  `id_supplier` int(20) DEFAULT NULL,
  `diskon_keseluruhan` float NOT NULL,
  `harga_saatini` int(11) NOT NULL,
  `ppn` int(11) NOT NULL,
  `grand_total` int(11) NOT NULL,
  `pembayaran` int(11) NOT NULL,
  `tunggakan` int(11) NOT NULL
) ENGINE=InnoDB AUTO_INCREMENT=234315 DEFAULT CHARSET=latin1;

--
-- Dumping data for table `transaksi`
--

INSERT INTO `transaksi` (`id_transaksi`, `no_invoice`, `kode_barang`, `tipe_transaksi`, `id_pelanggan`, `tanggal_transaksi`, `jatuh_tempo`, `id_supplier`, `diskon_keseluruhan`, `harga_saatini`, `ppn`, `grand_total`, `pembayaran`, `tunggakan`) VALUES
(234238, NULL, '', NULL, 1, '2014-07-09 14:24:20', '0000-00-00', NULL, 0, 0, 0, 0, 0, 0),
(234239, NULL, '', 'penjualan', 1, '2014-07-09 14:29:03', '0000-00-00', NULL, 0, 0, 0, 0, 0, 0),
(234240, NULL, '', 'penjualan', 1, '2014-07-09 14:33:37', '0000-00-00', NULL, 0, 0, 0, 0, 0, 0),
(234241, NULL, '', 'pembelian', 0, '2014-08-07 16:57:45', '0000-00-00', 1, 0, 0, 0, 0, 0, 0),
(234242, NULL, '', 'penjualan', 1, '2014-07-15 23:47:44', '0000-00-00', NULL, 0, 0, 0, 0, 0, 0),
(234243, NULL, '', 'pembelian', 0, '2014-08-07 16:57:35', '0000-00-00', 1, 0, 0, 0, 0, 0, 0),
(234244, NULL, '', 'penjualan', 1, '2014-08-05 04:34:12', '0000-00-00', NULL, 0, 0, 0, 0, 0, 0),
(234245, NULL, '', 'penjualan', 1, '2014-08-05 04:35:33', '0000-00-00', NULL, 0, 0, 0, 0, 0, 0),
(234246, NULL, '', 'penjualan', 1, '2014-08-07 16:21:01', '0000-00-00', NULL, 0, 0, 0, 0, 0, 0),
(234249, NULL, '', 'penjualan', 1, '2014-08-09 13:04:53', '0000-00-00', NULL, 0, 0, 0, 0, 0, 0),
(234250, NULL, '', 'penjualan', 1, '2014-08-09 13:39:39', '0000-00-00', NULL, 0, 0, 0, 0, 0, 0),
(234251, NULL, '', 'penjualan', 1, '2014-08-09 13:44:08', '0000-00-00', NULL, 0, 0, 0, 0, 0, 0),
(234252, NULL, '', 'penjualan', 1, '2015-02-05 09:17:09', '0000-00-00', NULL, 0, 0, 0, 0, 0, 0),
(234253, NULL, '', 'penjualan', 1, '2015-02-23 06:01:01', '0000-00-00', NULL, 0, 0, 0, 0, 0, 0),
(234254, NULL, '', 'penjualan', 1, '2015-02-23 06:19:53', '0000-00-00', NULL, 0, 0, 0, 0, 0, 0),
(234255, NULL, '', 'penjualan', 1, '2015-02-23 06:22:59', '0000-00-00', NULL, 0, 0, 0, 0, 0, 0),
(234256, NULL, '', 'penjualan', 1, '2015-02-23 06:24:44', '0000-00-00', NULL, 0, 0, 0, 0, 0, 0),
(234257, NULL, '', 'penjualan', 1, '2015-02-23 06:26:04', '0000-00-00', NULL, 0, 0, 0, 0, 0, 0),
(234258, NULL, '', 'penjualan', 1, '2015-02-23 06:30:23', '0000-00-00', NULL, 0, 0, 0, 0, 0, 0),
(234259, NULL, '', 'penjualan', 1, '2015-02-23 06:33:09', '0000-00-00', NULL, 0, 0, 0, 0, 0, 0),
(234260, NULL, '', 'penjualan', 1, '2015-02-23 06:40:45', '0000-00-00', NULL, 0, 0, 0, 0, 0, 0),
(234261, NULL, '', 'penjualan', 1, '2015-02-23 06:44:03', '0000-00-00', NULL, 0, 0, 0, 0, 0, 0),
(234262, NULL, '', 'penjualan', 1, '2015-02-23 06:46:53', '0000-00-00', NULL, 0, 0, 0, 0, 0, 0),
(234263, NULL, '', 'penjualan', 1, '2015-02-23 06:47:37', '0000-00-00', NULL, 0, 0, 0, 0, 0, 0),
(234264, NULL, '', 'penjualan', 1, '2015-02-23 20:25:37', '0000-00-00', NULL, 0, 0, 0, 0, 0, 0),
(234265, NULL, '', 'penjualan', 1, '2015-02-23 20:32:40', '0000-00-00', NULL, 0, 0, 0, 0, 0, 0),
(234266, NULL, '', 'penjualan', 1, '2015-02-23 21:26:02', '0000-00-00', NULL, 0, 0, 0, 0, 0, 0),
(234267, NULL, '', 'penjualan', 1, '2015-02-23 21:26:21', '0000-00-00', NULL, 0, 0, 0, 0, 0, 0),
(234268, NULL, '', 'penjualan', 1, '2015-02-23 21:27:30', '0000-00-00', NULL, 0, 0, 0, 0, 0, 0),
(234269, NULL, '', 'penjualan', 1, '2015-02-23 21:39:46', '0000-00-00', NULL, 0, 0, 0, 0, 0, 0),
(234270, NULL, '', 'penjualan', 1, '2015-02-23 21:45:03', '0000-00-00', NULL, 0, 0, 0, 0, 0, 0),
(234271, NULL, '', 'penjualan', 1, '2015-02-23 23:55:31', '0000-00-00', NULL, 0, 0, 0, 0, 0, 0),
(234272, NULL, '', 'penjualan', 1, '2015-02-24 02:48:11', '0000-00-00', NULL, 0, 0, 0, 0, 0, 0),
(234273, NULL, '', 'penjualan', 1, '2015-02-24 04:26:20', '0000-00-00', NULL, 0, 0, 0, 0, 0, 0),
(234274, NULL, '', 'penjualan', 1, '2015-02-24 04:26:34', '0000-00-00', NULL, 0, 0, 0, 0, 0, 0),
(234275, NULL, '', 'penjualan', 1, '2015-02-24 04:26:48', '0000-00-00', NULL, 0, 0, 0, 0, 0, 0),
(234276, NULL, '', 'penjualan', 1, '2015-02-24 04:27:03', '0000-00-00', NULL, 0, 0, 0, 0, 0, 0),
(234277, NULL, '', 'penjualan', 3, '2015-02-24 04:32:18', '0000-00-00', NULL, 0, 0, 0, 0, 0, 0),
(234278, NULL, '', 'penjualan', 1, '2015-02-24 04:44:18', '0000-00-00', NULL, 0, 0, 0, 0, 0, 0),
(234279, NULL, '', 'penjualan', 1, '2015-02-24 06:04:57', '0000-00-00', NULL, 5, 0, 10, 0, 9000000, 718500),
(234280, NULL, '', 'penjualan', 3, '2015-02-25 06:08:05', '2015-03-10', NULL, 0, 0, 10, 0, 60000, 6268300),
(234281, NULL, '', 'penjualan', 1, '2015-03-20 09:57:44', '0000-00-00', NULL, 0, 0, 0, 0, 0, 0),
(234282, NULL, '', 'penjualan', 1, '2015-03-20 10:03:51', '2015-03-21', NULL, 5, 0, 10, 0, 2000000, 1030500),
(234284, NULL, '', 'penjualan', 4, '2015-03-24 06:39:51', '0000-00-00', NULL, 0, 0, 0, 0, 0, 0),
(234285, NULL, '', 'penjualan', 5, '2015-03-27 04:34:11', '0000-00-00', NULL, 40, 0, 0, 0, 0, 8640000),
(234286, NULL, '', 'penjualan', 6, '2015-03-28 02:48:45', '0000-00-00', NULL, 0, 0, 0, 0, 0, 0),
(234287, NULL, '', 'penjualan', 7, '2015-03-28 04:54:55', '0000-00-00', NULL, 3, 0, 0, 0, 0, 15248400),
(234288, NULL, '', 'penjualan', 7, '2015-03-28 05:00:28', '0000-00-00', NULL, 0, 0, 0, 0, 0, 0),
(234289, NULL, '', 'penjualan', 7, '2015-03-28 05:03:52', '0000-00-00', NULL, 0, 0, 0, 0, 0, 0),
(234290, NULL, '', 'penjualan', 8, '2015-03-30 07:08:08', '0000-00-00', NULL, 0, 0, 0, 0, 0, 0),
(234294, NULL, '', 'penjualan', 9, '2015-03-31 09:41:09', '0000-00-00', NULL, 0, 0, 0, 0, 0, 0),
(234295, NULL, '', 'penjualan', 9, '2015-03-31 09:55:00', '0000-00-00', NULL, 0, 0, 0, 0, 0, 0),
(234296, NULL, '', 'penjualan', 10, '2015-03-31 09:58:47', '0000-00-00', NULL, 0, 0, 0, 0, 0, 0),
(234297, NULL, '', 'penjualan', 6, '2015-03-31 10:02:15', '0000-00-00', NULL, 0, 0, 0, 0, 0, 0),
(234298, NULL, '', 'penjualan', 11, '2015-03-31 10:16:15', '0000-00-00', NULL, 0, 0, 0, 0, 0, 0),
(234299, NULL, '', 'penjualan', 4, '2015-03-31 10:20:54', '0000-00-00', NULL, 0, 0, 0, 0, 0, 0),
(234300, NULL, '', 'penjualan', 4, '2015-03-31 10:22:38', '0000-00-00', NULL, 0, 0, 0, 0, 0, 0),
(234301, NULL, '', 'penjualan', 9, '2015-04-01 06:11:27', '0000-00-00', NULL, 0, 0, 0, 0, 0, 0),
(234304, NULL, 'CBD', 'penjualan', 4, '2015-04-11 03:08:33', '0000-00-00', NULL, 2.5, 100000, 0, 351000000, 0, 351000000),
(234305, NULL, '', 'penjualan', 4, '2015-04-11 03:11:41', '0000-00-00', NULL, 0, 0, 0, 0, 0, 0),
(234306, NULL, '', 'penjualan', 4, '2015-04-11 03:13:19', '0000-00-00', NULL, 0, 0, 0, 0, 0, 0),
(234307, NULL, '', 'penjualan', 4, '2015-04-11 03:14:59', '0000-00-00', NULL, 0, 0, 0, 60000, 0, 0),
(234308, NULL, 'DWT', 'penjualan', 4, '2015-04-11 03:15:45', '0000-00-00', NULL, 0, 240000, 0, 2400000, 0, 0),
(234309, NULL, 'HSP BX', 'penjualan', 4, '2015-04-11 03:19:28', '0000-00-00', NULL, 0, 36000, 0, 360000, 0, 360000),
(234310, NULL, 'HSP BX', 'penjualan', 4, '2015-04-11 04:13:15', '0000-00-00', NULL, 0, 36000, 0, 2280000, 0, 2280000),
(234311, NULL, 'HSP BX', 'penjualan', 4, '2015-04-11 04:15:50', '0000-00-00', NULL, 0, 36000, 0, 228000, 0, 228000),
(234312, NULL, 'DWT', 'penjualan', 4, '2015-04-13 03:41:39', '0000-00-00', NULL, 1.5, 240000, 0, 3299750, 0, 3299750),
(234313, NULL, 'DWT', 'penjualan', 4, '2015-04-13 03:46:37', '0000-00-00', NULL, 5, 240000, 0, 3182500, 0, 3182500),
(234314, NULL, '', 'penjualan', 4, '2015-04-14 10:09:28', '0000-00-00', NULL, 5.5, 0, 10, 93555, 50000, 43555);

-- --------------------------------------------------------

--
-- Table structure for table `transaksi_rinci`
--

CREATE TABLE IF NOT EXISTS `transaksi_rinci` (
  `id_rinci` int(20) NOT NULL,
  `jam` time DEFAULT NULL,
  `banyaknya` int(20) DEFAULT NULL,
  `harga_saatini` int(20) DEFAULT NULL,
  `diskon` float NOT NULL,
  `kode_barang` varchar(20) DEFAULT NULL,
  `id_transaksi` int(20) DEFAULT NULL,
  `id_pelanggan` int(11) DEFAULT NULL,
  `updated` date DEFAULT NULL
) ENGINE=InnoDB AUTO_INCREMENT=125 DEFAULT CHARSET=latin1;

--
-- Dumping data for table `transaksi_rinci`
--

INSERT INTO `transaksi_rinci` (`id_rinci`, `jam`, `banyaknya`, `harga_saatini`, `diskon`, `kode_barang`, `id_transaksi`, `id_pelanggan`, `updated`) VALUES
(5, NULL, 1, 12000, 0, 'ABC', 234238, 0, '0000-00-00'),
(6, NULL, 2, 120000, 0, 'B01', 234238, 0, '0000-00-00'),
(7, '22:29:03', 2, 12000, 0, 'ABC', 234239, 0, '0000-00-00'),
(8, '22:29:03', 1, 120000, 0, 'B01', 234239, 0, '0000-00-00'),
(13, NULL, 3, 12000, 0, 'ABC', 234240, 0, '0000-00-00'),
(14, NULL, 3, 120000, 0, 'B01', 234240, 0, '0000-00-00'),
(20, '01:47:44', 3, 3154140, 0, '01AI', 234242, 0, '0000-00-00'),
(21, '01:47:44', 2, 1364456, 0, '02AI', 234242, 0, '0000-00-00'),
(22, '01:47:44', 4, 2044350, 0, '03AI', 234242, 0, '0000-00-00'),
(23, '01:47:44', 4, 7200000, 0, '04AI', 234242, 0, '0000-00-00'),
(24, '01:47:44', 1, 1000000, 0, 'JS01', 234242, 0, '0000-00-00'),
(25, '01:47:44', 2, 5677452, 0, 'P03', 234242, 0, '0000-00-00'),
(32, '06:34:12', 2, 3154140, 0, '01AI', 234244, 0, '0000-00-00'),
(33, '06:34:12', 1, 1364456, 0, '02AI', 234244, 0, '0000-00-00'),
(34, '06:35:33', 2, 3154140, 0, '01AI', 234245, 0, '0000-00-00'),
(35, '06:35:34', 1, 1364456, 0, '02AI', 234245, 0, '0000-00-00'),
(36, '06:35:34', 3, 1000000, 0, 'JS01', 234245, 0, '0000-00-00'),
(37, '18:21:01', 1, 3000000, 0, '01AI', 234246, 0, '0000-00-00'),
(38, '18:21:01', 2, 2900000, 0, '02AI', 234246, 0, '0000-00-00'),
(39, '18:21:01', 4, 3400000, 0, '03AI', 234246, 0, '0000-00-00'),
(40, NULL, 4, 3000000, 0, '01AI', 234243, 0, '0000-00-00'),
(41, NULL, 3, 2900000, 0, '02AI', 234243, 0, '0000-00-00'),
(42, NULL, 2, 3400000, 0, '03AI', 234243, 0, '0000-00-00'),
(43, NULL, 4, 3000000, 0, '01AI', 234241, 0, '0000-00-00'),
(44, NULL, 3, 2900000, 0, '02AI', 234241, 0, '0000-00-00'),
(45, NULL, 3, 3400000, 0, '03AI', 234241, 0, '0000-00-00'),
(46, '15:44:08', 2, 2900000, 0, '02AI', 234251, 0, '0000-00-00'),
(47, '10:17:09', 2, 3000000, 0, '01AI', 234252, 0, '0000-00-00'),
(48, '10:17:09', 2, 2900000, 0, '02AI', 234252, 0, '0000-00-00'),
(49, '10:17:09', 1, 3400000, 0, '03AI', 234252, 0, '0000-00-00'),
(50, '10:17:09', 1, 0, 0, 'hk48', 234252, 0, '0000-00-00'),
(51, '07:22:59', 0, 3000000, 0, '01AI', 234255, 0, '0000-00-00'),
(52, '07:24:44', 1, 3000000, 0, '01AI', 234256, 0, '0000-00-00'),
(53, '07:26:04', 1, 3000000, 0, '01AI', 234257, 0, '0000-00-00'),
(54, '07:30:23', 1, 3000000, 0, '01AI', 234258, 0, '0000-00-00'),
(55, '07:33:09', 1, 3000000, 0, '01AI', 234259, 0, '0000-00-00'),
(56, '07:40:45', 1, 3000000, 0, '01AI', 234260, 0, '0000-00-00'),
(57, '07:47:37', 1, 3000000, 0, '01AI', 234263, 0, '0000-00-00'),
(58, '07:47:37', 1, 2900000, 0, '02AI', 234263, 0, '0000-00-00'),
(59, '21:25:37', 1, 2900000, 0, '02AI', 234264, 0, '0000-00-00'),
(60, '21:32:40', 1, 3000000, 0, '01AI', 234265, 0, '0000-00-00'),
(61, '21:32:40', 2, 2900000, 0, '02AI', 234265, 0, '0000-00-00'),
(62, '22:26:02', 1, 2900000, 0, '02AI', 234266, 0, '0000-00-00'),
(63, '22:26:22', 1, 2900000, 0, '02AI', 234267, 0, '0000-00-00'),
(64, '22:27:30', 1, 3000000, 0, '01AI', 234268, 0, '0000-00-00'),
(65, '22:27:30', 1, 2900000, 0, '02AI', 234268, 0, '0000-00-00'),
(66, '22:39:46', 1, 3000000, 0, '01AI', 234269, 0, '0000-00-00'),
(67, '22:39:47', 1, 2900000, 0, '02AI', 234269, 0, '0000-00-00'),
(68, '22:45:03', 1, 3400000, 0, '03AI', 234270, 0, '0000-00-00'),
(69, '22:45:03', 1, 0, 0, 'hk48', 234270, 0, '0000-00-00'),
(70, '00:55:32', 1, 3000000, 0, '01AI', 234271, 0, '0000-00-00'),
(71, '05:26:20', 1, 3000000, 0, '01AI', 234273, 0, '0000-00-00'),
(72, '05:26:34', 1, 3000000, 0, '01AI', 234274, 0, '0000-00-00'),
(73, '05:26:48', 1, 3000000, 0, '01AI', 234275, 0, '0000-00-00'),
(74, '05:27:03', 1, 3000000, 0, '01AI', 234276, 0, '0000-00-00'),
(75, '05:32:18', 1, 3400000, 0, '03AI', 234277, 0, '0000-00-00'),
(76, '07:04:57', 1, 3000000, 0, '01AI', 234279, 0, '0000-00-00'),
(77, '07:04:58', 1, 2900000, 0, '02AI', 234279, 0, '0000-00-00'),
(78, '07:04:58', 1, 3400000, 0, '03AI', 234279, 0, '0000-00-00'),
(79, '07:04:58', 1, 0, 0, 'hk48', 234279, 0, '0000-00-00'),
(80, '07:08:05', 1, 3000000, 2, '01AI', 234280, 0, '0000-00-00'),
(81, '07:08:05', 1, 2900000, 3, '02AI', 234280, 0, '0000-00-00'),
(82, '16:57:44', 1000000, 3000000, 0, '01AI', 234281, 0, '0000-00-00'),
(83, '17:03:51', 1, 2900000, 0, '02AI', 234282, 0, '0000-00-00'),
(86, NULL, 200, 118000, 0, 'PENAFIT', 234284, 0, '0000-00-00'),
(87, '11:34:11', 300, 48000, 0, 'keji bel', 234285, 0, '0000-00-00'),
(88, '09:48:45', 500, 37500, 0, 'SALF B', 234286, 0, '0000-00-00'),
(89, '11:54:55', 80, 95000, 40, 'CBD', 234287, 0, '0000-00-00'),
(90, '11:54:55', 100, 60000, 40, 'HSP BX', 234287, 0, '0000-00-00'),
(91, '11:54:55', 36, 150000, 40, 'PAP KLG', 234287, 0, '0000-00-00'),
(92, '11:54:55', 100, 72000, 40, 'YT', 234287, 0, '0000-00-00'),
(93, '12:00:28', 420, 0, 0, 'SMH', 234288, 0, '0000-00-00'),
(94, '12:03:52', 10, 1825000, 0, 'SMH', 234289, 0, '0000-00-00'),
(95, '15:08:08', 500, 46000, 0, 'smt', 234290, 0, '0000-00-00'),
(101, '17:41:09', 600, 61275, 0, 'NSB 14GR', 234294, 0, '0000-00-00'),
(102, '17:41:09', 300, 41647, 0, 'NSB 9GR', 234294, 0, '0000-00-00'),
(103, '17:55:00', 600, 61275, 0, 'NSB 14GR', 234295, 0, '0000-00-00'),
(104, '17:55:00', 300, 41647, 0, 'NSB 9GR', 234295, 0, '0000-00-00'),
(105, '17:58:47', 100, 105316, 0, 'PAREM 30', 234296, 0, '0000-00-00'),
(106, '18:02:15', 1200, 61274, 0, 'NSB 14GR', 234297, 0, '0000-00-00'),
(109, NULL, 3600, 60047, 0, 'NSB 14GR', 234298, 0, '0000-00-00'),
(110, NULL, 2400, 40813, 0, 'NSB 9GR', 234298, 0, '0000-00-00'),
(111, '18:20:54', 600, 60356, 0, 'NSB 14GR', 234299, 0, '0000-00-00'),
(112, '18:22:38', 600, 61275, 0, 'NSB 14GR', 234300, 0, '0000-00-00'),
(113, '14:11:27', 72, 240000, 0, 'DWT', 234301, 0, '0000-00-00'),
(114, '14:12:55', 72, 240000, 0, 'DWT', 234302, 0, '0000-00-00'),
(115, '14:17:26', 24, 240000, 5, 'DWT', 234303, 0, '0000-00-00'),
(116, '13:52:44', 4, 95000, 0, 'CBD', 234304, 0, '0000-00-00'),
(117, '14:05:19', 4, 1000, 0, 'CBD', 234305, 0, '0000-00-00'),
(118, '18:01:20', 10, 95000, 0, 'CBD', 234306, 0, '0000-00-00'),
(119, '18:01:20', 10, 60000, 0, 'HSP BX', 234306, 0, '0000-00-00'),
(120, '09:20:37', 10, 2000, 0, 'CBD', 234307, 4, '2015-04-14'),
(121, '09:20:37', 20, 2000, 0, 'HSP BX', 234307, 4, '2015-04-14'),
(122, '10:50:47', 20, 90000, 0, 'CBD', 234308, 0, '0000-00-00'),
(123, '17:09:28', 10, 1000, 0, 'CBD', 234314, 4, '2015-04-14'),
(124, '17:09:29', 20, 4000, 0, 'HSP BX', 234314, 4, '2015-04-14');

-- --------------------------------------------------------

--
-- Structure for view `invoice`
--
DROP TABLE IF EXISTS `invoice`;

CREATE ALGORITHM=UNDEFINED DEFINER=`root`@`localhost` SQL SECURITY DEFINER VIEW `invoice` AS select `transaksi`.`id_transaksi` AS `id_transaksi`,`transaksi`.`no_invoice` AS `no_invoice`,`transaksi`.`tipe_transaksi` AS `tipe_transaksi`,`transaksi`.`tanggal_transaksi` AS `tanggal_transaksi`,`transaksi`.`id_pelanggan` AS `id_pelanggan`,`transaksi`.`id_supplier` AS `id_supplier` from `transaksi`;

-- --------------------------------------------------------

--
-- Structure for view `surat_jalan`
--
DROP TABLE IF EXISTS `surat_jalan`;

CREATE ALGORITHM=UNDEFINED DEFINER=`root`@`localhost` SQL SECURITY DEFINER VIEW `surat_jalan` AS select `transaksi`.`id_transaksi` AS `id_transaksi`,`transaksi`.`no_invoice` AS `no_invoice`,`transaksi`.`tipe_transaksi` AS `tipe_transaksi`,`transaksi`.`tanggal_transaksi` AS `tanggal_transaksi`,`transaksi`.`id_pelanggan` AS `id_pelanggan`,`transaksi`.`id_supplier` AS `id_supplier` from `transaksi`;

--
-- Indexes for dumped tables
--

--
-- Indexes for table `barang`
--
ALTER TABLE `barang`
  ADD PRIMARY KEY (`kode_barang`);

--
-- Indexes for table `history_harga`
--
ALTER TABLE `history_harga`
  ADD PRIMARY KEY (`no`);

--
-- Indexes for table `pelanggan`
--
ALTER TABLE `pelanggan`
  ADD PRIMARY KEY (`id_pelanggan`);

--
-- Indexes for table `pengguna`
--
ALTER TABLE `pengguna`
  ADD PRIMARY KEY (`kode_pengguna`);

--
-- Indexes for table `supplier`
--
ALTER TABLE `supplier`
  ADD PRIMARY KEY (`id_supplier`);

--
-- Indexes for table `tipe_barang`
--
ALTER TABLE `tipe_barang`
  ADD PRIMARY KEY (`id_tipe_barang`);

--
-- Indexes for table `transaksi`
--
ALTER TABLE `transaksi`
  ADD PRIMARY KEY (`id_transaksi`);

--
-- Indexes for table `transaksi_rinci`
--
ALTER TABLE `transaksi_rinci`
  ADD PRIMARY KEY (`id_rinci`);

--
-- AUTO_INCREMENT for dumped tables
--

--
-- AUTO_INCREMENT for table `history_harga`
--
ALTER TABLE `history_harga`
  MODIFY `no` int(5) NOT NULL AUTO_INCREMENT,AUTO_INCREMENT=1007;
--
-- AUTO_INCREMENT for table `pelanggan`
--
ALTER TABLE `pelanggan`
  MODIFY `id_pelanggan` int(8) NOT NULL AUTO_INCREMENT,AUTO_INCREMENT=13;
--
-- AUTO_INCREMENT for table `supplier`
--
ALTER TABLE `supplier`
  MODIFY `id_supplier` int(8) NOT NULL AUTO_INCREMENT,AUTO_INCREMENT=3;
--
-- AUTO_INCREMENT for table `tipe_barang`
--
ALTER TABLE `tipe_barang`
  MODIFY `id_tipe_barang` int(8) NOT NULL AUTO_INCREMENT,AUTO_INCREMENT=13;
--
-- AUTO_INCREMENT for table `transaksi`
--
ALTER TABLE `transaksi`
  MODIFY `id_transaksi` int(20) NOT NULL AUTO_INCREMENT,AUTO_INCREMENT=234315;
--
-- AUTO_INCREMENT for table `transaksi_rinci`
--
ALTER TABLE `transaksi_rinci`
  MODIFY `id_rinci` int(20) NOT NULL AUTO_INCREMENT,AUTO_INCREMENT=125;
/*!40101 SET CHARACTER_SET_CLIENT=@OLD_CHARACTER_SET_CLIENT */;
/*!40101 SET CHARACTER_SET_RESULTS=@OLD_CHARACTER_SET_RESULTS */;
/*!40101 SET COLLATION_CONNECTION=@OLD_COLLATION_CONNECTION */;
